-- phpMyAdmin SQL Dump
-- version 5.2.1
-- https://www.phpmyadmin.net/
--
-- Máy chủ: 127.0.0.1
-- Thời gian đã tạo: Th4 17, 2026 lúc 02:41 PM
-- Phiên bản máy phục vụ: 10.4.32-MariaDB
-- Phiên bản PHP: 8.2.12

SET SQL_MODE = "NO_AUTO_VALUE_ON_ZERO";
START TRANSACTION;
SET time_zone = "+00:00";


/*!40101 SET @OLD_CHARACTER_SET_CLIENT=@@CHARACTER_SET_CLIENT */;
/*!40101 SET @OLD_CHARACTER_SET_RESULTS=@@CHARACTER_SET_RESULTS */;
/*!40101 SET @OLD_COLLATION_CONNECTION=@@COLLATION_CONNECTION */;
/*!40101 SET NAMES utf8mb4 */;

--
-- Cơ sở dữ liệu: `cinema_management_db`
--

-- --------------------------------------------------------

--
-- Cấu trúc bảng cho bảng `cinemas`
--

CREATE TABLE `cinemas` (
  `cinema_id` int(11) NOT NULL,
  `cinema_name` varchar(150) NOT NULL,
  `address` varchar(255) NOT NULL,
  `image` varchar(255) DEFAULT NULL,
  `description` text DEFAULT NULL,
  `latitude` decimal(10,8) DEFAULT NULL,
  `longitude` decimal(11,8) DEFAULT NULL,
  `status` tinyint(4) DEFAULT 1,
  `region_id` int(11) NOT NULL,
  `created_at` datetime DEFAULT NULL,
  `updated_at` datetime DEFAULT NULL
) ENGINE=InnoDB DEFAULT CHARSET=utf8 COLLATE=utf8_unicode_ci;

--
-- Đang đổ dữ liệu cho bảng `cinemas`
--

INSERT INTO `cinemas` (`cinema_id`, `cinema_name`, `address`, `image`, `description`, `latitude`, `longitude`, `status`, `region_id`, `created_at`, `updated_at`) VALUES
(1, 'NextGen Hà Nội Center', '123 Trần Duy Hưng, Cầu Giấy, Hà Nội', NULL, NULL, 21.01094441, 105.79977507, 1, 1, '2026-04-13 09:12:21', '2026-04-13 09:12:21'),
(2, 'NextGen Hà Nội Royal', '45 Phạm Hùng, Nam Từ Liêm, Hà Nội', NULL, NULL, NULL, NULL, 1, 1, '2026-04-13 16:13:08', '2026-04-13 16:13:08'),
(3, 'NextGen Hải Phòng Plaza', '12 Lạch Tray, Ngô Quyền, Hải Phòng', NULL, NULL, NULL, NULL, 1, 2, '2026-04-13 16:13:08', '2026-04-13 16:13:08'),
(4, 'NextGen Hải Phòng Galaxy', '88 Tô Hiệu, Lê Chân, Hải Phòng', NULL, NULL, NULL, NULL, 1, 2, '2026-04-13 16:13:08', '2026-04-13 16:13:08'),
(5, 'NextGen Bắc Ninh Center', '10 Lý Thái Tổ, Bắc Ninh', NULL, NULL, NULL, NULL, 1, 3, '2026-04-13 16:13:08', '2026-04-13 16:13:08'),
(6, 'NextGen Bắc Ninh Mall', '99 Nguyễn Trãi, Từ Sơn, Bắc Ninh', NULL, NULL, NULL, NULL, 1, 3, '2026-04-13 16:13:08', '2026-04-13 16:13:08'),
(7, 'NextGen Vinh Center', '1 Quang Trung, TP Vinh, Nghệ An', NULL, NULL, NULL, NULL, 1, 4, '2026-04-13 16:13:08', '2026-04-16 09:04:46'),
(8, 'NextGen Vinh Plaza', '50 Lê Nin, TP Vinh, Nghệ An', NULL, NULL, NULL, NULL, 1, 4, '2026-04-13 16:13:08', '2026-04-13 16:13:08');

-- --------------------------------------------------------

--
-- Cấu trúc bảng cho bảng `genres`
--

CREATE TABLE `genres` (
  `genre_id` int(11) NOT NULL,
  `genre_name` varchar(50) DEFAULT NULL
) ENGINE=InnoDB DEFAULT CHARSET=utf8 COLLATE=utf8_unicode_ci;

--
-- Đang đổ dữ liệu cho bảng `genres`
--

INSERT INTO `genres` (`genre_id`, `genre_name`) VALUES
(1, 'Hài Hước'),
(2, 'Tình Cảm'),
(3, 'Gia Đình'),
(4, 'Hành Động'),
(5, 'Kinh Dị'),
(6, 'Hoạt Hình'),
(7, 'Lịch Sử');

-- --------------------------------------------------------

--
-- Cấu trúc bảng cho bảng `movies`
--

CREATE TABLE `movies` (
  `movie_id` int(11) NOT NULL,
  `title` varchar(200) NOT NULL,
  `slug` varchar(255) NOT NULL,
  `director` varchar(255) DEFAULT NULL,
  `actors` text DEFAULT NULL,
  `description` text DEFAULT NULL,
  `duration` int(11) NOT NULL,
  `release_date` datetime DEFAULT NULL,
  `poster_url` varchar(255) DEFAULT NULL,
  `trailer_url` varchar(255) DEFAULT NULL,
  `country` varchar(100) DEFAULT NULL,
  `status` int(11) DEFAULT 1,
  `created_at` datetime DEFAULT current_timestamp()
) ENGINE=InnoDB DEFAULT CHARSET=utf8 COLLATE=utf8_unicode_ci;

--
-- Đang đổ dữ liệu cho bảng `movies`
--

INSERT INTO `movies` (`movie_id`, `title`, `slug`, `director`, `actors`, `description`, `duration`, `release_date`, `poster_url`, `trailer_url`, `country`, `status`, `created_at`) VALUES
(1, 'Mùi Phở', 'mui-pho', 'Minh Beta', 'Nghệ sỹ Xuân Hinh - Diễn viên Thu Trang - Nghệ sỹ Thanh Thanh Hiền - Nghệ sỹ Quốc Tuấn - Bảo Nam - Hà Hương - Thanh Hương - Chu Mạnh Cường - Tiến Lộc', 'Câu chuyện về sự xung đột thế hệ và những va chạm giữa quan niệm cũ và lối sống hiện đại, xoay quanh món Phở - biểu tượng ẩm thực Việt. Đằng sau những mâu thuẫn và tranh cãi ấy, từng bí mật dần được hé lộ, mở ra hành trình tìm lại sự ấm áp của tình thân qua những tình tiết hài hước, dí dỏm và đầy duyên dáng.', 111, '2026-02-17 00:00:00', 'https://res.cloudinary.com/dw53rwd7l/image/upload/v1776070941/cinemas/dpclr2hbae4vnl6kxovg.jpg', 'https://www.youtube.com/watch?v=xsJmZ5UWge0', 'Việt Nam', 1, '2026-04-13 09:02:37'),
(2, 'Phí Phông: Quỷ Máu Rừng Thiêng', 'phi-phong-quy-mau-rung-thieng', 'Đỗ Quốc Trung', 'Kiều Minh Tuấn, Nina Nutthacha Padovan, Diệp Bảo Ngọc, Đoàn Minh Anh, NSƯT Hạnh Thuý,...', '\nPhí Phông: Quỷ Máu Rừng Thiêng\nPhí Phông, loài quỷ khát máu trong truyền thuyết dân gian của đồng bào miền núi gây ám ảnh bao đời nay. Phim xoay quanh Còn (Kiều Minh Tuấn) và Dương (Minh Anh), hai pháp sư tập sự lên núi cứu người mẹ đang bị lời nguyền Phí Phông đánh gục. Cùng lúc đó, trong bản sâu cũng xảy ra nhiều cái chết ghê rợn. Mọi nghi ngờ đổ dồn về hai mẹ con Mon (Diệp Bảo Ngọc) và Lua (Nina Nutthacha), những người mang đặc tính y hệt Phí Phông. Thế nhưng, vẫn còn những bí mật động trời bị chôn vùi trong chốn rừng thiêng nước độc, cuốn hai anh em Còn và Dương vào cuộc truy lùng “Phí Phông” không hồi kết.', 120, '2026-04-24 00:00:00', 'https://res.cloudinary.com/dw53rwd7l/image/upload/v1776071106/cinemas/ayddh5qxxulki8e7ftno.png', 'https://www.youtube.com/watch?v=LDvCnwE6TtA', 'Viêt Nam', 1, '2026-04-13 09:05:19'),
(3, 'Hẹn Em Ngày Nhật Thực', 'hen-em-ngay-nhat-thuc', 'Lê Thiện Viễn', 'Đoàn Thiên Ân, Khương Lê, NSND Lê Khanh, Huỳnh Phương, Nguyên Thảo, NSND Kim Xuân, Thanh Sơn, Hứa Vĩ Văn, Lâm Vỹ Dạ, Hứa Minh Đạt.', 'Năm 1995, khi đang đứng trước một quyết định quan trọng của cuộc đời, Ân bất ngờ bị kéo trở lại quá khứ bởi những bức thư tình chưa từng trao tay. Hành trình tìm gặp Thiên - mối tình đầu từng khắc sâu trong tim - đưa cô về lại thôn xóm Trà Mây năm xưa, nơi những ký ức ngọt ngào xen lẫn tổn thương vẫn chưa hề nguôi ngoai. Trong khoảnh khắc định mệnh khi hai người bất ngờ chạm mặt, những bí mật bị che giấu suốt nhiều năm dần hé lộ, buộc Ân phải đối diện với sự thật và lựa chọn con đường cho riêng mình. “Hẹn Em Ngày Nhật Thực” là câu chuyện tình yêu đầy cảm xúc về những điều chưa nói, về tình yêu vĩnh cửu và câu hỏi day dứt: nếu còn cơ hội, ta có dám tin vào trái tim mình một lần nữa?', 118, '2026-03-30 00:00:00', 'https://res.cloudinary.com/dw53rwd7l/image/upload/v1776330014/cinemas/tfve6v8lfw5w2szt2j27.jpg', 'https://www.youtube.com/watch?v=xeuiol66BkA', NULL, 1, '2026-04-16 09:02:28');

-- --------------------------------------------------------

--
-- Cấu trúc bảng cho bảng `movie_genres`
--

CREATE TABLE `movie_genres` (
  `movie_id` int(11) NOT NULL,
  `genre_id` int(11) NOT NULL
) ENGINE=InnoDB DEFAULT CHARSET=utf8 COLLATE=utf8_unicode_ci;

--
-- Đang đổ dữ liệu cho bảng `movie_genres`
--

INSERT INTO `movie_genres` (`movie_id`, `genre_id`) VALUES
(1, 1),
(1, 2),
(1, 3),
(2, 5),
(3, 2),
(3, 3);

-- --------------------------------------------------------

--
-- Cấu trúc bảng cho bảng `orders`
--

CREATE TABLE `orders` (
  `order_id` int(11) NOT NULL,
  `user_id` int(11) NOT NULL,
  `total_amount` decimal(10,2) DEFAULT 0.00,
  `order_status` enum('PENDING','PAID','CANCELLED') DEFAULT 'PENDING',
  `created_at` datetime DEFAULT current_timestamp(),
  `updated_at` datetime DEFAULT NULL
) ENGINE=InnoDB DEFAULT CHARSET=utf8 COLLATE=utf8_unicode_ci;

-- --------------------------------------------------------

--
-- Cấu trúc bảng cho bảng `order_services`
--

CREATE TABLE `order_services` (
  `order_item_id` int(11) NOT NULL,
  `order_id` int(11) NOT NULL,
  `service_id` int(11) NOT NULL,
  `quantity` int(11) NOT NULL,
  `price` decimal(10,2) NOT NULL,
  `name_snapshot` varchar(255) DEFAULT NULL
) ENGINE=InnoDB DEFAULT CHARSET=utf8 COLLATE=utf8_unicode_ci;

-- --------------------------------------------------------

--
-- Cấu trúc bảng cho bảng `order_tickets`
--

CREATE TABLE `order_tickets` (
  `order_id` int(11) NOT NULL,
  `ticket_id` int(11) NOT NULL
) ENGINE=InnoDB DEFAULT CHARSET=utf8 COLLATE=utf8_unicode_ci;

-- --------------------------------------------------------

--
-- Cấu trúc bảng cho bảng `otps`
--

CREATE TABLE `otps` (
  `id` int(11) NOT NULL,
  `email` varchar(255) DEFAULT NULL,
  `otp` varchar(10) DEFAULT NULL,
  `expires_at` datetime DEFAULT NULL
) ENGINE=InnoDB DEFAULT CHARSET=utf8 COLLATE=utf8_unicode_ci;

-- --------------------------------------------------------

--
-- Cấu trúc bảng cho bảng `payments`
--

CREATE TABLE `payments` (
  `payment_id` int(11) NOT NULL,
  `amount` decimal(10,2) NOT NULL,
  `payment_method` varchar(20) NOT NULL,
  `payment_status` varchar(20) NOT NULL,
  `transaction_code` varchar(100) DEFAULT NULL,
  `provider_txn_id` varchar(100) DEFAULT NULL,
  `payment_time` datetime DEFAULT NULL,
  `order_id` int(11) DEFAULT NULL
) ENGINE=InnoDB DEFAULT CHARSET=utf8 COLLATE=utf8_unicode_ci;

-- --------------------------------------------------------

--
-- Cấu trúc bảng cho bảng `regions`
--

CREATE TABLE `regions` (
  `region_id` int(11) NOT NULL,
  `region_name` varchar(100) NOT NULL,
  `status` int(11) DEFAULT 1,
  `created_at` datetime DEFAULT current_timestamp()
) ENGINE=InnoDB DEFAULT CHARSET=utf8 COLLATE=utf8_unicode_ci;

--
-- Đang đổ dữ liệu cho bảng `regions`
--

INSERT INTO `regions` (`region_id`, `region_name`, `status`, `created_at`) VALUES
(1, 'Hà Nội', 1, '2026-04-13 08:52:12'),
(2, 'Hải Phòng', 1, '2026-04-13 08:52:20'),
(3, 'Bắc Ninh', 1, '2026-04-13 08:52:31'),
(4, 'Nghệ An', 1, '2026-04-13 08:53:19');

-- --------------------------------------------------------

--
-- Cấu trúc bảng cho bảng `rooms`
--

CREATE TABLE `rooms` (
  `room_id` int(11) NOT NULL,
  `cinema_id` int(11) NOT NULL,
  `room_name` varchar(50) NOT NULL,
  `rows` int(11) NOT NULL,
  `seats_per_row` int(11) NOT NULL,
  `total_seats` int(11) NOT NULL
) ENGINE=InnoDB DEFAULT CHARSET=utf8 COLLATE=utf8_unicode_ci;

--
-- Đang đổ dữ liệu cho bảng `rooms`
--

INSERT INTO `rooms` (`room_id`, `cinema_id`, `room_name`, `rows`, `seats_per_row`, `total_seats`) VALUES
(1, 5, 'Phòng 101', 12, 15, 180),
(2, 5, 'Phòng 102', 12, 15, 180),
(3, 1, 'Phòng 101', 10, 15, 150),
(4, 4, 'Phòng 101', 10, 15, 150),
(5, 6, 'Phòng 101', 10, 15, 150),
(6, 2, 'Phòng 101', 12, 15, 180),
(7, 4, 'Phòng 102', 8, 10, 80),
(8, 3, 'Phòng 101', 8, 10, 80),
(9, 3, 'Phòng 102', 8, 10, 80),
(10, 7, 'Phòng 101', 8, 10, 80),
(11, 7, 'Phòng 102', 8, 10, 80),
(12, 8, 'Phòng 101', 8, 10, 80),
(13, 8, 'Phòng 102', 8, 10, 80);

-- --------------------------------------------------------

--
-- Cấu trúc bảng cho bảng `seats`
--

CREATE TABLE `seats` (
  `seat_id` int(11) NOT NULL,
  `room_id` int(11) NOT NULL,
  `seat_row` varchar(2) NOT NULL,
  `seat_number` int(11) NOT NULL,
  `seat_code` varchar(10) NOT NULL,
  `seat_type` enum('NORMAL','VIP','COUPLE') DEFAULT 'NORMAL'
) ENGINE=InnoDB DEFAULT CHARSET=utf8 COLLATE=utf8_unicode_ci;

--
-- Đang đổ dữ liệu cho bảng `seats`
--

INSERT INTO `seats` (`seat_id`, `room_id`, `seat_row`, `seat_number`, `seat_code`, `seat_type`) VALUES
(1, 1, 'A', 1, 'A1', 'NORMAL'),
(2, 1, 'A', 2, 'A2', 'NORMAL'),
(3, 1, 'A', 3, 'A3', 'NORMAL'),
(4, 1, 'A', 4, 'A4', 'NORMAL'),
(5, 1, 'A', 5, 'A5', 'NORMAL'),
(6, 1, 'A', 6, 'A6', 'NORMAL'),
(7, 1, 'A', 7, 'A7', 'NORMAL'),
(8, 1, 'A', 8, 'A8', 'NORMAL'),
(9, 1, 'A', 9, 'A9', 'NORMAL'),
(10, 1, 'A', 10, 'A10', 'NORMAL'),
(11, 1, 'A', 11, 'A11', 'NORMAL'),
(12, 1, 'A', 12, 'A12', 'NORMAL'),
(13, 1, 'A', 13, 'A13', 'NORMAL'),
(14, 1, 'A', 14, 'A14', 'NORMAL'),
(15, 1, 'A', 15, 'A15', 'NORMAL'),
(16, 1, 'B', 1, 'B1', 'NORMAL'),
(17, 1, 'B', 2, 'B2', 'NORMAL'),
(18, 1, 'B', 3, 'B3', 'NORMAL'),
(19, 1, 'B', 4, 'B4', 'NORMAL'),
(20, 1, 'B', 5, 'B5', 'NORMAL'),
(21, 1, 'B', 6, 'B6', 'NORMAL'),
(22, 1, 'B', 7, 'B7', 'NORMAL'),
(23, 1, 'B', 8, 'B8', 'NORMAL'),
(24, 1, 'B', 9, 'B9', 'NORMAL'),
(25, 1, 'B', 10, 'B10', 'NORMAL'),
(26, 1, 'B', 11, 'B11', 'NORMAL'),
(27, 1, 'B', 12, 'B12', 'NORMAL'),
(28, 1, 'B', 13, 'B13', 'NORMAL'),
(29, 1, 'B', 14, 'B14', 'NORMAL'),
(30, 1, 'B', 15, 'B15', 'NORMAL'),
(31, 1, 'C', 1, 'C1', 'NORMAL'),
(32, 1, 'C', 2, 'C2', 'NORMAL'),
(33, 1, 'C', 3, 'C3', 'NORMAL'),
(34, 1, 'C', 4, 'C4', 'NORMAL'),
(35, 1, 'C', 5, 'C5', 'NORMAL'),
(36, 1, 'C', 6, 'C6', 'NORMAL'),
(37, 1, 'C', 7, 'C7', 'NORMAL'),
(38, 1, 'C', 8, 'C8', 'NORMAL'),
(39, 1, 'C', 9, 'C9', 'NORMAL'),
(40, 1, 'C', 10, 'C10', 'NORMAL'),
(41, 1, 'C', 11, 'C11', 'NORMAL'),
(42, 1, 'C', 12, 'C12', 'NORMAL'),
(43, 1, 'C', 13, 'C13', 'NORMAL'),
(44, 1, 'C', 14, 'C14', 'NORMAL'),
(45, 1, 'C', 15, 'C15', 'NORMAL'),
(46, 1, 'D', 1, 'D1', 'VIP'),
(47, 1, 'D', 2, 'D2', 'VIP'),
(48, 1, 'D', 3, 'D3', 'VIP'),
(49, 1, 'D', 4, 'D4', 'VIP'),
(50, 1, 'D', 5, 'D5', 'VIP'),
(51, 1, 'D', 6, 'D6', 'VIP'),
(52, 1, 'D', 7, 'D7', 'VIP'),
(53, 1, 'D', 8, 'D8', 'VIP'),
(54, 1, 'D', 9, 'D9', 'VIP'),
(55, 1, 'D', 10, 'D10', 'VIP'),
(56, 1, 'D', 11, 'D11', 'VIP'),
(57, 1, 'D', 12, 'D12', 'VIP'),
(58, 1, 'D', 13, 'D13', 'VIP'),
(59, 1, 'D', 14, 'D14', 'VIP'),
(60, 1, 'D', 15, 'D15', 'VIP'),
(61, 1, 'E', 1, 'E1', 'VIP'),
(62, 1, 'E', 2, 'E2', 'VIP'),
(63, 1, 'E', 3, 'E3', 'VIP'),
(64, 1, 'E', 4, 'E4', 'VIP'),
(65, 1, 'E', 5, 'E5', 'VIP'),
(66, 1, 'E', 6, 'E6', 'VIP'),
(67, 1, 'E', 7, 'E7', 'VIP'),
(68, 1, 'E', 8, 'E8', 'VIP'),
(69, 1, 'E', 9, 'E9', 'VIP'),
(70, 1, 'E', 10, 'E10', 'VIP'),
(71, 1, 'E', 11, 'E11', 'VIP'),
(72, 1, 'E', 12, 'E12', 'VIP'),
(73, 1, 'E', 13, 'E13', 'VIP'),
(74, 1, 'E', 14, 'E14', 'VIP'),
(75, 1, 'E', 15, 'E15', 'VIP'),
(76, 1, 'F', 1, 'F1', 'VIP'),
(77, 1, 'F', 2, 'F2', 'VIP'),
(78, 1, 'F', 3, 'F3', 'VIP'),
(79, 1, 'F', 4, 'F4', 'VIP'),
(80, 1, 'F', 5, 'F5', 'VIP'),
(81, 1, 'F', 6, 'F6', 'VIP'),
(82, 1, 'F', 7, 'F7', 'VIP'),
(83, 1, 'F', 8, 'F8', 'VIP'),
(84, 1, 'F', 9, 'F9', 'VIP'),
(85, 1, 'F', 10, 'F10', 'VIP'),
(86, 1, 'F', 11, 'F11', 'VIP'),
(87, 1, 'F', 12, 'F12', 'VIP'),
(88, 1, 'F', 13, 'F13', 'VIP'),
(89, 1, 'F', 14, 'F14', 'VIP'),
(90, 1, 'F', 15, 'F15', 'VIP'),
(91, 1, 'G', 1, 'G1', 'VIP'),
(92, 1, 'G', 2, 'G2', 'VIP'),
(93, 1, 'G', 3, 'G3', 'VIP'),
(94, 1, 'G', 4, 'G4', 'VIP'),
(95, 1, 'G', 5, 'G5', 'VIP'),
(96, 1, 'G', 6, 'G6', 'VIP'),
(97, 1, 'G', 7, 'G7', 'VIP'),
(98, 1, 'G', 8, 'G8', 'VIP'),
(99, 1, 'G', 9, 'G9', 'VIP'),
(100, 1, 'G', 10, 'G10', 'VIP'),
(101, 1, 'G', 11, 'G11', 'VIP'),
(102, 1, 'G', 12, 'G12', 'VIP'),
(103, 1, 'G', 13, 'G13', 'VIP'),
(104, 1, 'G', 14, 'G14', 'VIP'),
(105, 1, 'G', 15, 'G15', 'VIP'),
(106, 1, 'H', 1, 'H1', 'COUPLE'),
(107, 1, 'H', 2, 'H2', 'COUPLE'),
(108, 1, 'H', 3, 'H3', 'COUPLE'),
(109, 1, 'H', 4, 'H4', 'COUPLE'),
(110, 1, 'H', 5, 'H5', 'COUPLE'),
(111, 1, 'H', 6, 'H6', 'COUPLE'),
(112, 1, 'H', 7, 'H7', 'COUPLE'),
(113, 1, 'H', 8, 'H8', 'COUPLE'),
(114, 1, 'H', 9, 'H9', 'COUPLE'),
(115, 1, 'H', 10, 'H10', 'COUPLE'),
(116, 1, 'H', 11, 'H11', 'COUPLE'),
(117, 1, 'H', 12, 'H12', 'COUPLE'),
(118, 1, 'H', 13, 'H13', 'COUPLE'),
(119, 1, 'H', 14, 'H14', 'COUPLE'),
(120, 1, 'H', 15, 'H15', 'COUPLE'),
(121, 1, 'I', 1, 'I1', 'COUPLE'),
(122, 1, 'I', 2, 'I2', 'COUPLE'),
(123, 1, 'I', 3, 'I3', 'COUPLE'),
(124, 1, 'I', 4, 'I4', 'COUPLE'),
(125, 1, 'I', 5, 'I5', 'COUPLE'),
(126, 1, 'I', 6, 'I6', 'COUPLE'),
(127, 1, 'I', 7, 'I7', 'COUPLE'),
(128, 1, 'I', 8, 'I8', 'COUPLE'),
(129, 1, 'I', 9, 'I9', 'COUPLE'),
(130, 1, 'I', 10, 'I10', 'COUPLE'),
(131, 1, 'I', 11, 'I11', 'COUPLE'),
(132, 1, 'I', 12, 'I12', 'COUPLE'),
(133, 1, 'I', 13, 'I13', 'COUPLE'),
(134, 1, 'I', 14, 'I14', 'COUPLE'),
(135, 1, 'I', 15, 'I15', 'COUPLE'),
(136, 1, 'J', 1, 'J1', 'NORMAL'),
(137, 1, 'J', 2, 'J2', 'NORMAL'),
(138, 1, 'J', 3, 'J3', 'NORMAL'),
(139, 1, 'J', 4, 'J4', 'NORMAL'),
(140, 1, 'J', 5, 'J5', 'NORMAL'),
(141, 1, 'J', 6, 'J6', 'NORMAL'),
(142, 1, 'J', 7, 'J7', 'NORMAL'),
(143, 1, 'J', 8, 'J8', 'NORMAL'),
(144, 1, 'J', 9, 'J9', 'NORMAL'),
(145, 1, 'J', 10, 'J10', 'NORMAL'),
(146, 1, 'J', 11, 'J11', 'NORMAL'),
(147, 1, 'J', 12, 'J12', 'NORMAL'),
(148, 1, 'J', 13, 'J13', 'NORMAL'),
(149, 1, 'J', 14, 'J14', 'NORMAL'),
(150, 1, 'J', 15, 'J15', 'NORMAL'),
(151, 1, 'K', 1, 'K1', 'NORMAL'),
(152, 1, 'K', 2, 'K2', 'NORMAL'),
(153, 1, 'K', 3, 'K3', 'NORMAL'),
(154, 1, 'K', 4, 'K4', 'NORMAL'),
(155, 1, 'K', 5, 'K5', 'NORMAL'),
(156, 1, 'K', 6, 'K6', 'NORMAL'),
(157, 1, 'K', 7, 'K7', 'NORMAL'),
(158, 1, 'K', 8, 'K8', 'NORMAL'),
(159, 1, 'K', 9, 'K9', 'NORMAL'),
(160, 1, 'K', 10, 'K10', 'NORMAL'),
(161, 1, 'K', 11, 'K11', 'NORMAL'),
(162, 1, 'K', 12, 'K12', 'NORMAL'),
(163, 1, 'K', 13, 'K13', 'NORMAL'),
(164, 1, 'K', 14, 'K14', 'NORMAL'),
(165, 1, 'K', 15, 'K15', 'NORMAL'),
(166, 1, 'L', 1, 'L1', 'NORMAL'),
(167, 1, 'L', 2, 'L2', 'NORMAL'),
(168, 1, 'L', 3, 'L3', 'NORMAL'),
(169, 1, 'L', 4, 'L4', 'NORMAL'),
(170, 1, 'L', 5, 'L5', 'NORMAL'),
(171, 1, 'L', 6, 'L6', 'NORMAL'),
(172, 1, 'L', 7, 'L7', 'NORMAL'),
(173, 1, 'L', 8, 'L8', 'NORMAL'),
(174, 1, 'L', 9, 'L9', 'NORMAL'),
(175, 1, 'L', 10, 'L10', 'NORMAL'),
(176, 1, 'L', 11, 'L11', 'NORMAL'),
(177, 1, 'L', 12, 'L12', 'NORMAL'),
(178, 1, 'L', 13, 'L13', 'NORMAL'),
(179, 1, 'L', 14, 'L14', 'NORMAL'),
(180, 1, 'L', 15, 'L15', 'NORMAL'),
(181, 2, 'A', 1, 'A1', 'NORMAL'),
(182, 2, 'A', 2, 'A2', 'NORMAL'),
(183, 2, 'A', 3, 'A3', 'NORMAL'),
(184, 2, 'A', 4, 'A4', 'NORMAL'),
(185, 2, 'A', 5, 'A5', 'NORMAL'),
(186, 2, 'A', 6, 'A6', 'NORMAL'),
(187, 2, 'A', 7, 'A7', 'NORMAL'),
(188, 2, 'A', 8, 'A8', 'NORMAL'),
(189, 2, 'A', 9, 'A9', 'NORMAL'),
(190, 2, 'A', 10, 'A10', 'NORMAL'),
(191, 2, 'A', 11, 'A11', 'NORMAL'),
(192, 2, 'A', 12, 'A12', 'NORMAL'),
(193, 2, 'A', 13, 'A13', 'NORMAL'),
(194, 2, 'A', 14, 'A14', 'NORMAL'),
(195, 2, 'A', 15, 'A15', 'NORMAL'),
(196, 2, 'B', 1, 'B1', 'NORMAL'),
(197, 2, 'B', 2, 'B2', 'NORMAL'),
(198, 2, 'B', 3, 'B3', 'NORMAL'),
(199, 2, 'B', 4, 'B4', 'NORMAL'),
(200, 2, 'B', 5, 'B5', 'NORMAL'),
(201, 2, 'B', 6, 'B6', 'NORMAL'),
(202, 2, 'B', 7, 'B7', 'NORMAL'),
(203, 2, 'B', 8, 'B8', 'NORMAL'),
(204, 2, 'B', 9, 'B9', 'NORMAL'),
(205, 2, 'B', 10, 'B10', 'NORMAL'),
(206, 2, 'B', 11, 'B11', 'NORMAL'),
(207, 2, 'B', 12, 'B12', 'NORMAL'),
(208, 2, 'B', 13, 'B13', 'NORMAL'),
(209, 2, 'B', 14, 'B14', 'NORMAL'),
(210, 2, 'B', 15, 'B15', 'NORMAL'),
(211, 2, 'C', 1, 'C1', 'NORMAL'),
(212, 2, 'C', 2, 'C2', 'NORMAL'),
(213, 2, 'C', 3, 'C3', 'NORMAL'),
(214, 2, 'C', 4, 'C4', 'NORMAL'),
(215, 2, 'C', 5, 'C5', 'NORMAL'),
(216, 2, 'C', 6, 'C6', 'NORMAL'),
(217, 2, 'C', 7, 'C7', 'NORMAL'),
(218, 2, 'C', 8, 'C8', 'NORMAL'),
(219, 2, 'C', 9, 'C9', 'NORMAL'),
(220, 2, 'C', 10, 'C10', 'NORMAL'),
(221, 2, 'C', 11, 'C11', 'NORMAL'),
(222, 2, 'C', 12, 'C12', 'NORMAL'),
(223, 2, 'C', 13, 'C13', 'NORMAL'),
(224, 2, 'C', 14, 'C14', 'NORMAL'),
(225, 2, 'C', 15, 'C15', 'NORMAL'),
(226, 2, 'D', 1, 'D1', 'NORMAL'),
(227, 2, 'D', 2, 'D2', 'NORMAL'),
(228, 2, 'D', 3, 'D3', 'NORMAL'),
(229, 2, 'D', 4, 'D4', 'NORMAL'),
(230, 2, 'D', 5, 'D5', 'NORMAL'),
(231, 2, 'D', 6, 'D6', 'NORMAL'),
(232, 2, 'D', 7, 'D7', 'NORMAL'),
(233, 2, 'D', 8, 'D8', 'NORMAL'),
(234, 2, 'D', 9, 'D9', 'NORMAL'),
(235, 2, 'D', 10, 'D10', 'NORMAL'),
(236, 2, 'D', 11, 'D11', 'NORMAL'),
(237, 2, 'D', 12, 'D12', 'NORMAL'),
(238, 2, 'D', 13, 'D13', 'NORMAL'),
(239, 2, 'D', 14, 'D14', 'NORMAL'),
(240, 2, 'D', 15, 'D15', 'NORMAL'),
(241, 2, 'E', 1, 'E1', 'NORMAL'),
(242, 2, 'E', 2, 'E2', 'NORMAL'),
(243, 2, 'E', 3, 'E3', 'NORMAL'),
(244, 2, 'E', 4, 'E4', 'NORMAL'),
(245, 2, 'E', 5, 'E5', 'NORMAL'),
(246, 2, 'E', 6, 'E6', 'NORMAL'),
(247, 2, 'E', 7, 'E7', 'NORMAL'),
(248, 2, 'E', 8, 'E8', 'NORMAL'),
(249, 2, 'E', 9, 'E9', 'NORMAL'),
(250, 2, 'E', 10, 'E10', 'NORMAL'),
(251, 2, 'E', 11, 'E11', 'NORMAL'),
(252, 2, 'E', 12, 'E12', 'NORMAL'),
(253, 2, 'E', 13, 'E13', 'NORMAL'),
(254, 2, 'E', 14, 'E14', 'NORMAL'),
(255, 2, 'E', 15, 'E15', 'NORMAL'),
(256, 2, 'F', 1, 'F1', 'NORMAL'),
(257, 2, 'F', 2, 'F2', 'NORMAL'),
(258, 2, 'F', 3, 'F3', 'NORMAL'),
(259, 2, 'F', 4, 'F4', 'NORMAL'),
(260, 2, 'F', 5, 'F5', 'NORMAL'),
(261, 2, 'F', 6, 'F6', 'NORMAL'),
(262, 2, 'F', 7, 'F7', 'NORMAL'),
(263, 2, 'F', 8, 'F8', 'NORMAL'),
(264, 2, 'F', 9, 'F9', 'NORMAL'),
(265, 2, 'F', 10, 'F10', 'NORMAL'),
(266, 2, 'F', 11, 'F11', 'NORMAL'),
(267, 2, 'F', 12, 'F12', 'NORMAL'),
(268, 2, 'F', 13, 'F13', 'NORMAL'),
(269, 2, 'F', 14, 'F14', 'NORMAL'),
(270, 2, 'F', 15, 'F15', 'NORMAL'),
(271, 2, 'G', 1, 'G1', 'NORMAL'),
(272, 2, 'G', 2, 'G2', 'NORMAL'),
(273, 2, 'G', 3, 'G3', 'NORMAL'),
(274, 2, 'G', 4, 'G4', 'NORMAL'),
(275, 2, 'G', 5, 'G5', 'NORMAL'),
(276, 2, 'G', 6, 'G6', 'NORMAL'),
(277, 2, 'G', 7, 'G7', 'NORMAL'),
(278, 2, 'G', 8, 'G8', 'NORMAL'),
(279, 2, 'G', 9, 'G9', 'NORMAL'),
(280, 2, 'G', 10, 'G10', 'NORMAL'),
(281, 2, 'G', 11, 'G11', 'NORMAL'),
(282, 2, 'G', 12, 'G12', 'NORMAL'),
(283, 2, 'G', 13, 'G13', 'NORMAL'),
(284, 2, 'G', 14, 'G14', 'NORMAL'),
(285, 2, 'G', 15, 'G15', 'NORMAL'),
(286, 2, 'H', 1, 'H1', 'NORMAL'),
(287, 2, 'H', 2, 'H2', 'NORMAL'),
(288, 2, 'H', 3, 'H3', 'NORMAL'),
(289, 2, 'H', 4, 'H4', 'NORMAL'),
(290, 2, 'H', 5, 'H5', 'NORMAL'),
(291, 2, 'H', 6, 'H6', 'NORMAL'),
(292, 2, 'H', 7, 'H7', 'NORMAL'),
(293, 2, 'H', 8, 'H8', 'NORMAL'),
(294, 2, 'H', 9, 'H9', 'NORMAL'),
(295, 2, 'H', 10, 'H10', 'NORMAL'),
(296, 2, 'H', 11, 'H11', 'NORMAL'),
(297, 2, 'H', 12, 'H12', 'NORMAL'),
(298, 2, 'H', 13, 'H13', 'NORMAL'),
(299, 2, 'H', 14, 'H14', 'NORMAL'),
(300, 2, 'H', 15, 'H15', 'NORMAL'),
(301, 2, 'I', 1, 'I1', 'NORMAL'),
(302, 2, 'I', 2, 'I2', 'NORMAL'),
(303, 2, 'I', 3, 'I3', 'NORMAL'),
(304, 2, 'I', 4, 'I4', 'NORMAL'),
(305, 2, 'I', 5, 'I5', 'NORMAL'),
(306, 2, 'I', 6, 'I6', 'NORMAL'),
(307, 2, 'I', 7, 'I7', 'NORMAL'),
(308, 2, 'I', 8, 'I8', 'NORMAL'),
(309, 2, 'I', 9, 'I9', 'NORMAL'),
(310, 2, 'I', 10, 'I10', 'NORMAL'),
(311, 2, 'I', 11, 'I11', 'NORMAL'),
(312, 2, 'I', 12, 'I12', 'NORMAL'),
(313, 2, 'I', 13, 'I13', 'NORMAL'),
(314, 2, 'I', 14, 'I14', 'NORMAL'),
(315, 2, 'I', 15, 'I15', 'NORMAL'),
(316, 2, 'J', 1, 'J1', 'NORMAL'),
(317, 2, 'J', 2, 'J2', 'NORMAL'),
(318, 2, 'J', 3, 'J3', 'NORMAL'),
(319, 2, 'J', 4, 'J4', 'NORMAL'),
(320, 2, 'J', 5, 'J5', 'NORMAL'),
(321, 2, 'J', 6, 'J6', 'NORMAL'),
(322, 2, 'J', 7, 'J7', 'NORMAL'),
(323, 2, 'J', 8, 'J8', 'NORMAL'),
(324, 2, 'J', 9, 'J9', 'NORMAL'),
(325, 2, 'J', 10, 'J10', 'NORMAL'),
(326, 2, 'J', 11, 'J11', 'NORMAL'),
(327, 2, 'J', 12, 'J12', 'NORMAL'),
(328, 2, 'J', 13, 'J13', 'NORMAL'),
(329, 2, 'J', 14, 'J14', 'NORMAL'),
(330, 2, 'J', 15, 'J15', 'NORMAL'),
(331, 2, 'K', 1, 'K1', 'NORMAL'),
(332, 2, 'K', 2, 'K2', 'NORMAL'),
(333, 2, 'K', 3, 'K3', 'NORMAL'),
(334, 2, 'K', 4, 'K4', 'NORMAL'),
(335, 2, 'K', 5, 'K5', 'NORMAL'),
(336, 2, 'K', 6, 'K6', 'NORMAL'),
(337, 2, 'K', 7, 'K7', 'NORMAL'),
(338, 2, 'K', 8, 'K8', 'NORMAL'),
(339, 2, 'K', 9, 'K9', 'NORMAL'),
(340, 2, 'K', 10, 'K10', 'NORMAL'),
(341, 2, 'K', 11, 'K11', 'NORMAL'),
(342, 2, 'K', 12, 'K12', 'NORMAL'),
(343, 2, 'K', 13, 'K13', 'NORMAL'),
(344, 2, 'K', 14, 'K14', 'NORMAL'),
(345, 2, 'K', 15, 'K15', 'NORMAL'),
(346, 2, 'L', 1, 'L1', 'NORMAL'),
(347, 2, 'L', 2, 'L2', 'NORMAL'),
(348, 2, 'L', 3, 'L3', 'NORMAL'),
(349, 2, 'L', 4, 'L4', 'NORMAL'),
(350, 2, 'L', 5, 'L5', 'NORMAL'),
(351, 2, 'L', 6, 'L6', 'NORMAL'),
(352, 2, 'L', 7, 'L7', 'NORMAL'),
(353, 2, 'L', 8, 'L8', 'NORMAL'),
(354, 2, 'L', 9, 'L9', 'NORMAL'),
(355, 2, 'L', 10, 'L10', 'NORMAL'),
(356, 2, 'L', 11, 'L11', 'NORMAL'),
(357, 2, 'L', 12, 'L12', 'NORMAL'),
(358, 2, 'L', 13, 'L13', 'NORMAL'),
(359, 2, 'L', 14, 'L14', 'NORMAL'),
(360, 2, 'L', 15, 'L15', 'NORMAL'),
(361, 3, 'A', 1, 'A1', 'NORMAL'),
(362, 3, 'A', 2, 'A2', 'NORMAL'),
(363, 3, 'A', 3, 'A3', 'NORMAL'),
(364, 3, 'A', 4, 'A4', 'NORMAL'),
(365, 3, 'A', 5, 'A5', 'NORMAL'),
(366, 3, 'A', 6, 'A6', 'NORMAL'),
(367, 3, 'A', 7, 'A7', 'NORMAL'),
(368, 3, 'A', 8, 'A8', 'NORMAL'),
(369, 3, 'A', 9, 'A9', 'NORMAL'),
(370, 3, 'A', 10, 'A10', 'NORMAL'),
(371, 3, 'A', 11, 'A11', 'NORMAL'),
(372, 3, 'A', 12, 'A12', 'NORMAL'),
(373, 3, 'A', 13, 'A13', 'NORMAL'),
(374, 3, 'A', 14, 'A14', 'NORMAL'),
(375, 3, 'A', 15, 'A15', 'NORMAL'),
(376, 3, 'B', 1, 'B1', 'NORMAL'),
(377, 3, 'B', 2, 'B2', 'NORMAL'),
(378, 3, 'B', 3, 'B3', 'NORMAL'),
(379, 3, 'B', 4, 'B4', 'NORMAL'),
(380, 3, 'B', 5, 'B5', 'NORMAL'),
(381, 3, 'B', 6, 'B6', 'NORMAL'),
(382, 3, 'B', 7, 'B7', 'NORMAL'),
(383, 3, 'B', 8, 'B8', 'NORMAL'),
(384, 3, 'B', 9, 'B9', 'NORMAL'),
(385, 3, 'B', 10, 'B10', 'NORMAL'),
(386, 3, 'B', 11, 'B11', 'NORMAL'),
(387, 3, 'B', 12, 'B12', 'NORMAL'),
(388, 3, 'B', 13, 'B13', 'NORMAL'),
(389, 3, 'B', 14, 'B14', 'NORMAL'),
(390, 3, 'B', 15, 'B15', 'NORMAL'),
(391, 3, 'C', 1, 'C1', 'NORMAL'),
(392, 3, 'C', 2, 'C2', 'NORMAL'),
(393, 3, 'C', 3, 'C3', 'NORMAL'),
(394, 3, 'C', 4, 'C4', 'NORMAL'),
(395, 3, 'C', 5, 'C5', 'NORMAL'),
(396, 3, 'C', 6, 'C6', 'NORMAL'),
(397, 3, 'C', 7, 'C7', 'NORMAL'),
(398, 3, 'C', 8, 'C8', 'NORMAL'),
(399, 3, 'C', 9, 'C9', 'NORMAL'),
(400, 3, 'C', 10, 'C10', 'NORMAL'),
(401, 3, 'C', 11, 'C11', 'NORMAL'),
(402, 3, 'C', 12, 'C12', 'NORMAL'),
(403, 3, 'C', 13, 'C13', 'NORMAL'),
(404, 3, 'C', 14, 'C14', 'NORMAL'),
(405, 3, 'C', 15, 'C15', 'NORMAL'),
(406, 3, 'D', 1, 'D1', 'NORMAL'),
(407, 3, 'D', 2, 'D2', 'NORMAL'),
(408, 3, 'D', 3, 'D3', 'NORMAL'),
(409, 3, 'D', 4, 'D4', 'NORMAL'),
(410, 3, 'D', 5, 'D5', 'NORMAL'),
(411, 3, 'D', 6, 'D6', 'NORMAL'),
(412, 3, 'D', 7, 'D7', 'NORMAL'),
(413, 3, 'D', 8, 'D8', 'NORMAL'),
(414, 3, 'D', 9, 'D9', 'NORMAL'),
(415, 3, 'D', 10, 'D10', 'NORMAL'),
(416, 3, 'D', 11, 'D11', 'NORMAL'),
(417, 3, 'D', 12, 'D12', 'NORMAL'),
(418, 3, 'D', 13, 'D13', 'NORMAL'),
(419, 3, 'D', 14, 'D14', 'NORMAL'),
(420, 3, 'D', 15, 'D15', 'NORMAL'),
(421, 3, 'E', 1, 'E1', 'NORMAL'),
(422, 3, 'E', 2, 'E2', 'NORMAL'),
(423, 3, 'E', 3, 'E3', 'NORMAL'),
(424, 3, 'E', 4, 'E4', 'NORMAL'),
(425, 3, 'E', 5, 'E5', 'NORMAL'),
(426, 3, 'E', 6, 'E6', 'NORMAL'),
(427, 3, 'E', 7, 'E7', 'NORMAL'),
(428, 3, 'E', 8, 'E8', 'NORMAL'),
(429, 3, 'E', 9, 'E9', 'NORMAL'),
(430, 3, 'E', 10, 'E10', 'NORMAL'),
(431, 3, 'E', 11, 'E11', 'NORMAL'),
(432, 3, 'E', 12, 'E12', 'NORMAL'),
(433, 3, 'E', 13, 'E13', 'NORMAL'),
(434, 3, 'E', 14, 'E14', 'NORMAL'),
(435, 3, 'E', 15, 'E15', 'NORMAL'),
(436, 3, 'F', 1, 'F1', 'NORMAL'),
(437, 3, 'F', 2, 'F2', 'NORMAL'),
(438, 3, 'F', 3, 'F3', 'NORMAL'),
(439, 3, 'F', 4, 'F4', 'NORMAL'),
(440, 3, 'F', 5, 'F5', 'NORMAL'),
(441, 3, 'F', 6, 'F6', 'NORMAL'),
(442, 3, 'F', 7, 'F7', 'NORMAL'),
(443, 3, 'F', 8, 'F8', 'NORMAL'),
(444, 3, 'F', 9, 'F9', 'NORMAL'),
(445, 3, 'F', 10, 'F10', 'NORMAL'),
(446, 3, 'F', 11, 'F11', 'NORMAL'),
(447, 3, 'F', 12, 'F12', 'NORMAL'),
(448, 3, 'F', 13, 'F13', 'NORMAL'),
(449, 3, 'F', 14, 'F14', 'NORMAL'),
(450, 3, 'F', 15, 'F15', 'NORMAL'),
(451, 3, 'G', 1, 'G1', 'NORMAL'),
(452, 3, 'G', 2, 'G2', 'NORMAL'),
(453, 3, 'G', 3, 'G3', 'NORMAL'),
(454, 3, 'G', 4, 'G4', 'NORMAL'),
(455, 3, 'G', 5, 'G5', 'NORMAL'),
(456, 3, 'G', 6, 'G6', 'NORMAL'),
(457, 3, 'G', 7, 'G7', 'NORMAL'),
(458, 3, 'G', 8, 'G8', 'NORMAL'),
(459, 3, 'G', 9, 'G9', 'NORMAL'),
(460, 3, 'G', 10, 'G10', 'NORMAL'),
(461, 3, 'G', 11, 'G11', 'NORMAL'),
(462, 3, 'G', 12, 'G12', 'NORMAL'),
(463, 3, 'G', 13, 'G13', 'NORMAL'),
(464, 3, 'G', 14, 'G14', 'NORMAL'),
(465, 3, 'G', 15, 'G15', 'NORMAL'),
(466, 3, 'H', 1, 'H1', 'NORMAL'),
(467, 3, 'H', 2, 'H2', 'NORMAL'),
(468, 3, 'H', 3, 'H3', 'NORMAL'),
(469, 3, 'H', 4, 'H4', 'NORMAL'),
(470, 3, 'H', 5, 'H5', 'NORMAL'),
(471, 3, 'H', 6, 'H6', 'NORMAL'),
(472, 3, 'H', 7, 'H7', 'NORMAL'),
(473, 3, 'H', 8, 'H8', 'NORMAL'),
(474, 3, 'H', 9, 'H9', 'NORMAL'),
(475, 3, 'H', 10, 'H10', 'NORMAL'),
(476, 3, 'H', 11, 'H11', 'NORMAL'),
(477, 3, 'H', 12, 'H12', 'NORMAL'),
(478, 3, 'H', 13, 'H13', 'NORMAL'),
(479, 3, 'H', 14, 'H14', 'NORMAL'),
(480, 3, 'H', 15, 'H15', 'NORMAL'),
(481, 3, 'I', 1, 'I1', 'NORMAL'),
(482, 3, 'I', 2, 'I2', 'NORMAL'),
(483, 3, 'I', 3, 'I3', 'NORMAL'),
(484, 3, 'I', 4, 'I4', 'NORMAL'),
(485, 3, 'I', 5, 'I5', 'NORMAL'),
(486, 3, 'I', 6, 'I6', 'NORMAL'),
(487, 3, 'I', 7, 'I7', 'NORMAL'),
(488, 3, 'I', 8, 'I8', 'NORMAL'),
(489, 3, 'I', 9, 'I9', 'NORMAL'),
(490, 3, 'I', 10, 'I10', 'NORMAL'),
(491, 3, 'I', 11, 'I11', 'NORMAL'),
(492, 3, 'I', 12, 'I12', 'NORMAL'),
(493, 3, 'I', 13, 'I13', 'NORMAL'),
(494, 3, 'I', 14, 'I14', 'NORMAL'),
(495, 3, 'I', 15, 'I15', 'NORMAL'),
(496, 3, 'J', 1, 'J1', 'NORMAL'),
(497, 3, 'J', 2, 'J2', 'NORMAL'),
(498, 3, 'J', 3, 'J3', 'NORMAL'),
(499, 3, 'J', 4, 'J4', 'NORMAL'),
(500, 3, 'J', 5, 'J5', 'NORMAL'),
(501, 3, 'J', 6, 'J6', 'NORMAL'),
(502, 3, 'J', 7, 'J7', 'NORMAL'),
(503, 3, 'J', 8, 'J8', 'NORMAL'),
(504, 3, 'J', 9, 'J9', 'NORMAL'),
(505, 3, 'J', 10, 'J10', 'NORMAL'),
(506, 3, 'J', 11, 'J11', 'NORMAL'),
(507, 3, 'J', 12, 'J12', 'NORMAL'),
(508, 3, 'J', 13, 'J13', 'NORMAL'),
(509, 3, 'J', 14, 'J14', 'NORMAL'),
(510, 3, 'J', 15, 'J15', 'NORMAL'),
(511, 4, 'A', 1, 'A1', 'NORMAL'),
(512, 4, 'A', 2, 'A2', 'NORMAL'),
(513, 4, 'A', 3, 'A3', 'NORMAL'),
(514, 4, 'A', 4, 'A4', 'NORMAL'),
(515, 4, 'A', 5, 'A5', 'NORMAL'),
(516, 4, 'A', 6, 'A6', 'NORMAL'),
(517, 4, 'A', 7, 'A7', 'NORMAL'),
(518, 4, 'A', 8, 'A8', 'NORMAL'),
(519, 4, 'A', 9, 'A9', 'NORMAL'),
(520, 4, 'A', 10, 'A10', 'NORMAL'),
(521, 4, 'A', 11, 'A11', 'NORMAL'),
(522, 4, 'A', 12, 'A12', 'NORMAL'),
(523, 4, 'A', 13, 'A13', 'NORMAL'),
(524, 4, 'A', 14, 'A14', 'NORMAL'),
(525, 4, 'A', 15, 'A15', 'NORMAL'),
(526, 4, 'B', 1, 'B1', 'NORMAL'),
(527, 4, 'B', 2, 'B2', 'NORMAL'),
(528, 4, 'B', 3, 'B3', 'NORMAL'),
(529, 4, 'B', 4, 'B4', 'NORMAL'),
(530, 4, 'B', 5, 'B5', 'NORMAL'),
(531, 4, 'B', 6, 'B6', 'NORMAL'),
(532, 4, 'B', 7, 'B7', 'NORMAL'),
(533, 4, 'B', 8, 'B8', 'NORMAL'),
(534, 4, 'B', 9, 'B9', 'NORMAL'),
(535, 4, 'B', 10, 'B10', 'NORMAL'),
(536, 4, 'B', 11, 'B11', 'NORMAL'),
(537, 4, 'B', 12, 'B12', 'NORMAL'),
(538, 4, 'B', 13, 'B13', 'NORMAL'),
(539, 4, 'B', 14, 'B14', 'NORMAL'),
(540, 4, 'B', 15, 'B15', 'NORMAL'),
(541, 4, 'C', 1, 'C1', 'NORMAL'),
(542, 4, 'C', 2, 'C2', 'NORMAL'),
(543, 4, 'C', 3, 'C3', 'NORMAL'),
(544, 4, 'C', 4, 'C4', 'NORMAL'),
(545, 4, 'C', 5, 'C5', 'NORMAL'),
(546, 4, 'C', 6, 'C6', 'NORMAL'),
(547, 4, 'C', 7, 'C7', 'NORMAL'),
(548, 4, 'C', 8, 'C8', 'NORMAL'),
(549, 4, 'C', 9, 'C9', 'NORMAL'),
(550, 4, 'C', 10, 'C10', 'NORMAL'),
(551, 4, 'C', 11, 'C11', 'NORMAL'),
(552, 4, 'C', 12, 'C12', 'NORMAL'),
(553, 4, 'C', 13, 'C13', 'NORMAL'),
(554, 4, 'C', 14, 'C14', 'NORMAL'),
(555, 4, 'C', 15, 'C15', 'NORMAL'),
(556, 4, 'D', 1, 'D1', 'NORMAL'),
(557, 4, 'D', 2, 'D2', 'NORMAL'),
(558, 4, 'D', 3, 'D3', 'NORMAL'),
(559, 4, 'D', 4, 'D4', 'NORMAL'),
(560, 4, 'D', 5, 'D5', 'NORMAL'),
(561, 4, 'D', 6, 'D6', 'NORMAL'),
(562, 4, 'D', 7, 'D7', 'NORMAL'),
(563, 4, 'D', 8, 'D8', 'NORMAL'),
(564, 4, 'D', 9, 'D9', 'NORMAL'),
(565, 4, 'D', 10, 'D10', 'NORMAL'),
(566, 4, 'D', 11, 'D11', 'NORMAL'),
(567, 4, 'D', 12, 'D12', 'NORMAL'),
(568, 4, 'D', 13, 'D13', 'NORMAL'),
(569, 4, 'D', 14, 'D14', 'NORMAL'),
(570, 4, 'D', 15, 'D15', 'NORMAL'),
(571, 4, 'E', 1, 'E1', 'NORMAL'),
(572, 4, 'E', 2, 'E2', 'NORMAL'),
(573, 4, 'E', 3, 'E3', 'NORMAL'),
(574, 4, 'E', 4, 'E4', 'NORMAL'),
(575, 4, 'E', 5, 'E5', 'NORMAL'),
(576, 4, 'E', 6, 'E6', 'NORMAL'),
(577, 4, 'E', 7, 'E7', 'NORMAL'),
(578, 4, 'E', 8, 'E8', 'NORMAL'),
(579, 4, 'E', 9, 'E9', 'NORMAL'),
(580, 4, 'E', 10, 'E10', 'NORMAL'),
(581, 4, 'E', 11, 'E11', 'NORMAL'),
(582, 4, 'E', 12, 'E12', 'NORMAL'),
(583, 4, 'E', 13, 'E13', 'NORMAL'),
(584, 4, 'E', 14, 'E14', 'NORMAL'),
(585, 4, 'E', 15, 'E15', 'NORMAL'),
(586, 4, 'F', 1, 'F1', 'NORMAL'),
(587, 4, 'F', 2, 'F2', 'NORMAL'),
(588, 4, 'F', 3, 'F3', 'NORMAL'),
(589, 4, 'F', 4, 'F4', 'NORMAL'),
(590, 4, 'F', 5, 'F5', 'NORMAL'),
(591, 4, 'F', 6, 'F6', 'NORMAL'),
(592, 4, 'F', 7, 'F7', 'NORMAL'),
(593, 4, 'F', 8, 'F8', 'NORMAL'),
(594, 4, 'F', 9, 'F9', 'NORMAL'),
(595, 4, 'F', 10, 'F10', 'NORMAL'),
(596, 4, 'F', 11, 'F11', 'NORMAL'),
(597, 4, 'F', 12, 'F12', 'NORMAL'),
(598, 4, 'F', 13, 'F13', 'NORMAL'),
(599, 4, 'F', 14, 'F14', 'NORMAL'),
(600, 4, 'F', 15, 'F15', 'NORMAL'),
(601, 4, 'G', 1, 'G1', 'NORMAL'),
(602, 4, 'G', 2, 'G2', 'NORMAL'),
(603, 4, 'G', 3, 'G3', 'NORMAL'),
(604, 4, 'G', 4, 'G4', 'NORMAL'),
(605, 4, 'G', 5, 'G5', 'NORMAL'),
(606, 4, 'G', 6, 'G6', 'NORMAL'),
(607, 4, 'G', 7, 'G7', 'NORMAL'),
(608, 4, 'G', 8, 'G8', 'NORMAL'),
(609, 4, 'G', 9, 'G9', 'NORMAL'),
(610, 4, 'G', 10, 'G10', 'NORMAL'),
(611, 4, 'G', 11, 'G11', 'NORMAL'),
(612, 4, 'G', 12, 'G12', 'NORMAL'),
(613, 4, 'G', 13, 'G13', 'NORMAL'),
(614, 4, 'G', 14, 'G14', 'NORMAL'),
(615, 4, 'G', 15, 'G15', 'NORMAL'),
(616, 4, 'H', 1, 'H1', 'NORMAL'),
(617, 4, 'H', 2, 'H2', 'NORMAL'),
(618, 4, 'H', 3, 'H3', 'NORMAL'),
(619, 4, 'H', 4, 'H4', 'NORMAL'),
(620, 4, 'H', 5, 'H5', 'NORMAL'),
(621, 4, 'H', 6, 'H6', 'NORMAL'),
(622, 4, 'H', 7, 'H7', 'NORMAL'),
(623, 4, 'H', 8, 'H8', 'NORMAL'),
(624, 4, 'H', 9, 'H9', 'NORMAL'),
(625, 4, 'H', 10, 'H10', 'NORMAL'),
(626, 4, 'H', 11, 'H11', 'NORMAL'),
(627, 4, 'H', 12, 'H12', 'NORMAL'),
(628, 4, 'H', 13, 'H13', 'NORMAL'),
(629, 4, 'H', 14, 'H14', 'NORMAL'),
(630, 4, 'H', 15, 'H15', 'NORMAL'),
(631, 4, 'I', 1, 'I1', 'NORMAL'),
(632, 4, 'I', 2, 'I2', 'NORMAL'),
(633, 4, 'I', 3, 'I3', 'NORMAL'),
(634, 4, 'I', 4, 'I4', 'NORMAL'),
(635, 4, 'I', 5, 'I5', 'NORMAL'),
(636, 4, 'I', 6, 'I6', 'NORMAL'),
(637, 4, 'I', 7, 'I7', 'NORMAL'),
(638, 4, 'I', 8, 'I8', 'NORMAL'),
(639, 4, 'I', 9, 'I9', 'NORMAL'),
(640, 4, 'I', 10, 'I10', 'NORMAL'),
(641, 4, 'I', 11, 'I11', 'NORMAL'),
(642, 4, 'I', 12, 'I12', 'NORMAL'),
(643, 4, 'I', 13, 'I13', 'NORMAL'),
(644, 4, 'I', 14, 'I14', 'NORMAL'),
(645, 4, 'I', 15, 'I15', 'NORMAL'),
(646, 4, 'J', 1, 'J1', 'NORMAL'),
(647, 4, 'J', 2, 'J2', 'NORMAL'),
(648, 4, 'J', 3, 'J3', 'NORMAL'),
(649, 4, 'J', 4, 'J4', 'NORMAL'),
(650, 4, 'J', 5, 'J5', 'NORMAL'),
(651, 4, 'J', 6, 'J6', 'NORMAL'),
(652, 4, 'J', 7, 'J7', 'NORMAL'),
(653, 4, 'J', 8, 'J8', 'NORMAL'),
(654, 4, 'J', 9, 'J9', 'NORMAL'),
(655, 4, 'J', 10, 'J10', 'NORMAL'),
(656, 4, 'J', 11, 'J11', 'NORMAL'),
(657, 4, 'J', 12, 'J12', 'NORMAL'),
(658, 4, 'J', 13, 'J13', 'NORMAL'),
(659, 4, 'J', 14, 'J14', 'NORMAL'),
(660, 4, 'J', 15, 'J15', 'NORMAL'),
(661, 5, 'A', 1, 'A1', 'NORMAL'),
(662, 5, 'A', 2, 'A2', 'NORMAL'),
(663, 5, 'A', 3, 'A3', 'NORMAL'),
(664, 5, 'A', 4, 'A4', 'NORMAL'),
(665, 5, 'A', 5, 'A5', 'NORMAL'),
(666, 5, 'A', 6, 'A6', 'NORMAL'),
(667, 5, 'A', 7, 'A7', 'NORMAL'),
(668, 5, 'A', 8, 'A8', 'NORMAL'),
(669, 5, 'A', 9, 'A9', 'NORMAL'),
(670, 5, 'A', 10, 'A10', 'NORMAL'),
(671, 5, 'A', 11, 'A11', 'NORMAL'),
(672, 5, 'A', 12, 'A12', 'NORMAL'),
(673, 5, 'A', 13, 'A13', 'NORMAL'),
(674, 5, 'A', 14, 'A14', 'NORMAL'),
(675, 5, 'A', 15, 'A15', 'NORMAL'),
(676, 5, 'B', 1, 'B1', 'NORMAL'),
(677, 5, 'B', 2, 'B2', 'NORMAL'),
(678, 5, 'B', 3, 'B3', 'NORMAL'),
(679, 5, 'B', 4, 'B4', 'NORMAL'),
(680, 5, 'B', 5, 'B5', 'NORMAL'),
(681, 5, 'B', 6, 'B6', 'NORMAL'),
(682, 5, 'B', 7, 'B7', 'NORMAL'),
(683, 5, 'B', 8, 'B8', 'NORMAL'),
(684, 5, 'B', 9, 'B9', 'NORMAL'),
(685, 5, 'B', 10, 'B10', 'NORMAL'),
(686, 5, 'B', 11, 'B11', 'NORMAL'),
(687, 5, 'B', 12, 'B12', 'NORMAL'),
(688, 5, 'B', 13, 'B13', 'NORMAL'),
(689, 5, 'B', 14, 'B14', 'NORMAL'),
(690, 5, 'B', 15, 'B15', 'NORMAL'),
(691, 5, 'C', 1, 'C1', 'NORMAL'),
(692, 5, 'C', 2, 'C2', 'NORMAL'),
(693, 5, 'C', 3, 'C3', 'NORMAL'),
(694, 5, 'C', 4, 'C4', 'NORMAL'),
(695, 5, 'C', 5, 'C5', 'NORMAL'),
(696, 5, 'C', 6, 'C6', 'NORMAL'),
(697, 5, 'C', 7, 'C7', 'NORMAL'),
(698, 5, 'C', 8, 'C8', 'NORMAL'),
(699, 5, 'C', 9, 'C9', 'NORMAL'),
(700, 5, 'C', 10, 'C10', 'NORMAL'),
(701, 5, 'C', 11, 'C11', 'NORMAL'),
(702, 5, 'C', 12, 'C12', 'NORMAL'),
(703, 5, 'C', 13, 'C13', 'NORMAL'),
(704, 5, 'C', 14, 'C14', 'NORMAL'),
(705, 5, 'C', 15, 'C15', 'NORMAL'),
(706, 5, 'D', 1, 'D1', 'NORMAL'),
(707, 5, 'D', 2, 'D2', 'NORMAL'),
(708, 5, 'D', 3, 'D3', 'NORMAL'),
(709, 5, 'D', 4, 'D4', 'NORMAL'),
(710, 5, 'D', 5, 'D5', 'NORMAL'),
(711, 5, 'D', 6, 'D6', 'NORMAL'),
(712, 5, 'D', 7, 'D7', 'NORMAL'),
(713, 5, 'D', 8, 'D8', 'NORMAL'),
(714, 5, 'D', 9, 'D9', 'NORMAL'),
(715, 5, 'D', 10, 'D10', 'NORMAL'),
(716, 5, 'D', 11, 'D11', 'NORMAL'),
(717, 5, 'D', 12, 'D12', 'NORMAL'),
(718, 5, 'D', 13, 'D13', 'NORMAL'),
(719, 5, 'D', 14, 'D14', 'NORMAL'),
(720, 5, 'D', 15, 'D15', 'NORMAL'),
(721, 5, 'E', 1, 'E1', 'NORMAL'),
(722, 5, 'E', 2, 'E2', 'NORMAL'),
(723, 5, 'E', 3, 'E3', 'NORMAL'),
(724, 5, 'E', 4, 'E4', 'NORMAL'),
(725, 5, 'E', 5, 'E5', 'NORMAL'),
(726, 5, 'E', 6, 'E6', 'NORMAL'),
(727, 5, 'E', 7, 'E7', 'NORMAL'),
(728, 5, 'E', 8, 'E8', 'NORMAL'),
(729, 5, 'E', 9, 'E9', 'NORMAL'),
(730, 5, 'E', 10, 'E10', 'NORMAL'),
(731, 5, 'E', 11, 'E11', 'NORMAL'),
(732, 5, 'E', 12, 'E12', 'NORMAL'),
(733, 5, 'E', 13, 'E13', 'NORMAL'),
(734, 5, 'E', 14, 'E14', 'NORMAL'),
(735, 5, 'E', 15, 'E15', 'NORMAL'),
(736, 5, 'F', 1, 'F1', 'NORMAL'),
(737, 5, 'F', 2, 'F2', 'NORMAL'),
(738, 5, 'F', 3, 'F3', 'NORMAL'),
(739, 5, 'F', 4, 'F4', 'NORMAL'),
(740, 5, 'F', 5, 'F5', 'NORMAL'),
(741, 5, 'F', 6, 'F6', 'NORMAL'),
(742, 5, 'F', 7, 'F7', 'NORMAL'),
(743, 5, 'F', 8, 'F8', 'NORMAL'),
(744, 5, 'F', 9, 'F9', 'NORMAL'),
(745, 5, 'F', 10, 'F10', 'NORMAL'),
(746, 5, 'F', 11, 'F11', 'NORMAL'),
(747, 5, 'F', 12, 'F12', 'NORMAL'),
(748, 5, 'F', 13, 'F13', 'NORMAL'),
(749, 5, 'F', 14, 'F14', 'NORMAL'),
(750, 5, 'F', 15, 'F15', 'NORMAL'),
(751, 5, 'G', 1, 'G1', 'NORMAL'),
(752, 5, 'G', 2, 'G2', 'NORMAL'),
(753, 5, 'G', 3, 'G3', 'NORMAL'),
(754, 5, 'G', 4, 'G4', 'NORMAL'),
(755, 5, 'G', 5, 'G5', 'NORMAL'),
(756, 5, 'G', 6, 'G6', 'NORMAL'),
(757, 5, 'G', 7, 'G7', 'NORMAL'),
(758, 5, 'G', 8, 'G8', 'NORMAL'),
(759, 5, 'G', 9, 'G9', 'NORMAL'),
(760, 5, 'G', 10, 'G10', 'NORMAL'),
(761, 5, 'G', 11, 'G11', 'NORMAL'),
(762, 5, 'G', 12, 'G12', 'NORMAL'),
(763, 5, 'G', 13, 'G13', 'NORMAL'),
(764, 5, 'G', 14, 'G14', 'NORMAL'),
(765, 5, 'G', 15, 'G15', 'NORMAL'),
(766, 5, 'H', 1, 'H1', 'NORMAL'),
(767, 5, 'H', 2, 'H2', 'NORMAL'),
(768, 5, 'H', 3, 'H3', 'NORMAL'),
(769, 5, 'H', 4, 'H4', 'NORMAL'),
(770, 5, 'H', 5, 'H5', 'NORMAL'),
(771, 5, 'H', 6, 'H6', 'NORMAL'),
(772, 5, 'H', 7, 'H7', 'NORMAL'),
(773, 5, 'H', 8, 'H8', 'NORMAL'),
(774, 5, 'H', 9, 'H9', 'NORMAL'),
(775, 5, 'H', 10, 'H10', 'NORMAL'),
(776, 5, 'H', 11, 'H11', 'NORMAL'),
(777, 5, 'H', 12, 'H12', 'NORMAL'),
(778, 5, 'H', 13, 'H13', 'NORMAL'),
(779, 5, 'H', 14, 'H14', 'NORMAL'),
(780, 5, 'H', 15, 'H15', 'NORMAL'),
(781, 5, 'I', 1, 'I1', 'NORMAL'),
(782, 5, 'I', 2, 'I2', 'NORMAL'),
(783, 5, 'I', 3, 'I3', 'NORMAL'),
(784, 5, 'I', 4, 'I4', 'NORMAL'),
(785, 5, 'I', 5, 'I5', 'NORMAL'),
(786, 5, 'I', 6, 'I6', 'NORMAL'),
(787, 5, 'I', 7, 'I7', 'NORMAL'),
(788, 5, 'I', 8, 'I8', 'NORMAL'),
(789, 5, 'I', 9, 'I9', 'NORMAL'),
(790, 5, 'I', 10, 'I10', 'NORMAL'),
(791, 5, 'I', 11, 'I11', 'NORMAL'),
(792, 5, 'I', 12, 'I12', 'NORMAL'),
(793, 5, 'I', 13, 'I13', 'NORMAL'),
(794, 5, 'I', 14, 'I14', 'NORMAL'),
(795, 5, 'I', 15, 'I15', 'NORMAL'),
(796, 5, 'J', 1, 'J1', 'NORMAL'),
(797, 5, 'J', 2, 'J2', 'NORMAL'),
(798, 5, 'J', 3, 'J3', 'NORMAL'),
(799, 5, 'J', 4, 'J4', 'NORMAL'),
(800, 5, 'J', 5, 'J5', 'NORMAL'),
(801, 5, 'J', 6, 'J6', 'NORMAL'),
(802, 5, 'J', 7, 'J7', 'NORMAL'),
(803, 5, 'J', 8, 'J8', 'NORMAL'),
(804, 5, 'J', 9, 'J9', 'NORMAL'),
(805, 5, 'J', 10, 'J10', 'NORMAL'),
(806, 5, 'J', 11, 'J11', 'NORMAL'),
(807, 5, 'J', 12, 'J12', 'NORMAL'),
(808, 5, 'J', 13, 'J13', 'NORMAL'),
(809, 5, 'J', 14, 'J14', 'NORMAL'),
(810, 5, 'J', 15, 'J15', 'NORMAL'),
(811, 6, 'A', 1, 'A1', 'NORMAL'),
(812, 6, 'A', 2, 'A2', 'NORMAL'),
(813, 6, 'A', 3, 'A3', 'NORMAL'),
(814, 6, 'A', 4, 'A4', 'NORMAL'),
(815, 6, 'A', 5, 'A5', 'NORMAL'),
(816, 6, 'A', 6, 'A6', 'NORMAL'),
(817, 6, 'A', 7, 'A7', 'NORMAL'),
(818, 6, 'A', 8, 'A8', 'NORMAL'),
(819, 6, 'A', 9, 'A9', 'NORMAL'),
(820, 6, 'A', 10, 'A10', 'NORMAL'),
(821, 6, 'A', 11, 'A11', 'NORMAL'),
(822, 6, 'A', 12, 'A12', 'NORMAL'),
(823, 6, 'A', 13, 'A13', 'NORMAL'),
(824, 6, 'A', 14, 'A14', 'NORMAL'),
(825, 6, 'A', 15, 'A15', 'NORMAL'),
(826, 6, 'B', 1, 'B1', 'NORMAL'),
(827, 6, 'B', 2, 'B2', 'NORMAL'),
(828, 6, 'B', 3, 'B3', 'NORMAL'),
(829, 6, 'B', 4, 'B4', 'NORMAL'),
(830, 6, 'B', 5, 'B5', 'NORMAL'),
(831, 6, 'B', 6, 'B6', 'NORMAL'),
(832, 6, 'B', 7, 'B7', 'NORMAL'),
(833, 6, 'B', 8, 'B8', 'NORMAL'),
(834, 6, 'B', 9, 'B9', 'NORMAL'),
(835, 6, 'B', 10, 'B10', 'NORMAL'),
(836, 6, 'B', 11, 'B11', 'NORMAL'),
(837, 6, 'B', 12, 'B12', 'NORMAL'),
(838, 6, 'B', 13, 'B13', 'NORMAL'),
(839, 6, 'B', 14, 'B14', 'NORMAL'),
(840, 6, 'B', 15, 'B15', 'NORMAL'),
(841, 6, 'C', 1, 'C1', 'NORMAL'),
(842, 6, 'C', 2, 'C2', 'NORMAL'),
(843, 6, 'C', 3, 'C3', 'NORMAL'),
(844, 6, 'C', 4, 'C4', 'NORMAL'),
(845, 6, 'C', 5, 'C5', 'NORMAL'),
(846, 6, 'C', 6, 'C6', 'NORMAL'),
(847, 6, 'C', 7, 'C7', 'NORMAL'),
(848, 6, 'C', 8, 'C8', 'NORMAL'),
(849, 6, 'C', 9, 'C9', 'NORMAL'),
(850, 6, 'C', 10, 'C10', 'NORMAL'),
(851, 6, 'C', 11, 'C11', 'NORMAL'),
(852, 6, 'C', 12, 'C12', 'NORMAL'),
(853, 6, 'C', 13, 'C13', 'NORMAL'),
(854, 6, 'C', 14, 'C14', 'NORMAL'),
(855, 6, 'C', 15, 'C15', 'NORMAL'),
(856, 6, 'D', 1, 'D1', 'NORMAL'),
(857, 6, 'D', 2, 'D2', 'NORMAL'),
(858, 6, 'D', 3, 'D3', 'NORMAL'),
(859, 6, 'D', 4, 'D4', 'NORMAL'),
(860, 6, 'D', 5, 'D5', 'NORMAL'),
(861, 6, 'D', 6, 'D6', 'NORMAL'),
(862, 6, 'D', 7, 'D7', 'NORMAL'),
(863, 6, 'D', 8, 'D8', 'NORMAL'),
(864, 6, 'D', 9, 'D9', 'NORMAL'),
(865, 6, 'D', 10, 'D10', 'NORMAL'),
(866, 6, 'D', 11, 'D11', 'NORMAL'),
(867, 6, 'D', 12, 'D12', 'NORMAL'),
(868, 6, 'D', 13, 'D13', 'NORMAL'),
(869, 6, 'D', 14, 'D14', 'NORMAL'),
(870, 6, 'D', 15, 'D15', 'NORMAL'),
(871, 6, 'E', 1, 'E1', 'NORMAL'),
(872, 6, 'E', 2, 'E2', 'NORMAL'),
(873, 6, 'E', 3, 'E3', 'NORMAL'),
(874, 6, 'E', 4, 'E4', 'NORMAL'),
(875, 6, 'E', 5, 'E5', 'NORMAL'),
(876, 6, 'E', 6, 'E6', 'NORMAL'),
(877, 6, 'E', 7, 'E7', 'NORMAL'),
(878, 6, 'E', 8, 'E8', 'NORMAL'),
(879, 6, 'E', 9, 'E9', 'NORMAL'),
(880, 6, 'E', 10, 'E10', 'NORMAL'),
(881, 6, 'E', 11, 'E11', 'NORMAL'),
(882, 6, 'E', 12, 'E12', 'NORMAL'),
(883, 6, 'E', 13, 'E13', 'NORMAL'),
(884, 6, 'E', 14, 'E14', 'NORMAL'),
(885, 6, 'E', 15, 'E15', 'NORMAL'),
(886, 6, 'F', 1, 'F1', 'NORMAL'),
(887, 6, 'F', 2, 'F2', 'NORMAL'),
(888, 6, 'F', 3, 'F3', 'NORMAL'),
(889, 6, 'F', 4, 'F4', 'NORMAL'),
(890, 6, 'F', 5, 'F5', 'NORMAL'),
(891, 6, 'F', 6, 'F6', 'NORMAL'),
(892, 6, 'F', 7, 'F7', 'NORMAL'),
(893, 6, 'F', 8, 'F8', 'NORMAL'),
(894, 6, 'F', 9, 'F9', 'NORMAL'),
(895, 6, 'F', 10, 'F10', 'NORMAL'),
(896, 6, 'F', 11, 'F11', 'NORMAL'),
(897, 6, 'F', 12, 'F12', 'NORMAL'),
(898, 6, 'F', 13, 'F13', 'NORMAL'),
(899, 6, 'F', 14, 'F14', 'NORMAL'),
(900, 6, 'F', 15, 'F15', 'NORMAL'),
(901, 6, 'G', 1, 'G1', 'NORMAL'),
(902, 6, 'G', 2, 'G2', 'NORMAL'),
(903, 6, 'G', 3, 'G3', 'NORMAL'),
(904, 6, 'G', 4, 'G4', 'NORMAL'),
(905, 6, 'G', 5, 'G5', 'NORMAL'),
(906, 6, 'G', 6, 'G6', 'NORMAL'),
(907, 6, 'G', 7, 'G7', 'NORMAL'),
(908, 6, 'G', 8, 'G8', 'NORMAL'),
(909, 6, 'G', 9, 'G9', 'NORMAL'),
(910, 6, 'G', 10, 'G10', 'NORMAL'),
(911, 6, 'G', 11, 'G11', 'NORMAL'),
(912, 6, 'G', 12, 'G12', 'NORMAL'),
(913, 6, 'G', 13, 'G13', 'NORMAL'),
(914, 6, 'G', 14, 'G14', 'NORMAL'),
(915, 6, 'G', 15, 'G15', 'NORMAL'),
(916, 6, 'H', 1, 'H1', 'NORMAL'),
(917, 6, 'H', 2, 'H2', 'NORMAL'),
(918, 6, 'H', 3, 'H3', 'NORMAL'),
(919, 6, 'H', 4, 'H4', 'NORMAL'),
(920, 6, 'H', 5, 'H5', 'NORMAL'),
(921, 6, 'H', 6, 'H6', 'NORMAL'),
(922, 6, 'H', 7, 'H7', 'NORMAL'),
(923, 6, 'H', 8, 'H8', 'NORMAL'),
(924, 6, 'H', 9, 'H9', 'NORMAL'),
(925, 6, 'H', 10, 'H10', 'NORMAL'),
(926, 6, 'H', 11, 'H11', 'NORMAL'),
(927, 6, 'H', 12, 'H12', 'NORMAL'),
(928, 6, 'H', 13, 'H13', 'NORMAL'),
(929, 6, 'H', 14, 'H14', 'NORMAL'),
(930, 6, 'H', 15, 'H15', 'NORMAL'),
(931, 6, 'I', 1, 'I1', 'NORMAL'),
(932, 6, 'I', 2, 'I2', 'NORMAL'),
(933, 6, 'I', 3, 'I3', 'NORMAL'),
(934, 6, 'I', 4, 'I4', 'NORMAL'),
(935, 6, 'I', 5, 'I5', 'NORMAL'),
(936, 6, 'I', 6, 'I6', 'NORMAL'),
(937, 6, 'I', 7, 'I7', 'NORMAL'),
(938, 6, 'I', 8, 'I8', 'NORMAL'),
(939, 6, 'I', 9, 'I9', 'NORMAL'),
(940, 6, 'I', 10, 'I10', 'NORMAL'),
(941, 6, 'I', 11, 'I11', 'NORMAL'),
(942, 6, 'I', 12, 'I12', 'NORMAL'),
(943, 6, 'I', 13, 'I13', 'NORMAL'),
(944, 6, 'I', 14, 'I14', 'NORMAL'),
(945, 6, 'I', 15, 'I15', 'NORMAL'),
(946, 6, 'J', 1, 'J1', 'NORMAL'),
(947, 6, 'J', 2, 'J2', 'NORMAL'),
(948, 6, 'J', 3, 'J3', 'NORMAL'),
(949, 6, 'J', 4, 'J4', 'NORMAL'),
(950, 6, 'J', 5, 'J5', 'NORMAL'),
(951, 6, 'J', 6, 'J6', 'NORMAL'),
(952, 6, 'J', 7, 'J7', 'NORMAL'),
(953, 6, 'J', 8, 'J8', 'NORMAL'),
(954, 6, 'J', 9, 'J9', 'NORMAL'),
(955, 6, 'J', 10, 'J10', 'NORMAL'),
(956, 6, 'J', 11, 'J11', 'NORMAL'),
(957, 6, 'J', 12, 'J12', 'NORMAL'),
(958, 6, 'J', 13, 'J13', 'NORMAL'),
(959, 6, 'J', 14, 'J14', 'NORMAL'),
(960, 6, 'J', 15, 'J15', 'NORMAL'),
(961, 6, 'K', 1, 'K1', 'NORMAL'),
(962, 6, 'K', 2, 'K2', 'NORMAL'),
(963, 6, 'K', 3, 'K3', 'NORMAL'),
(964, 6, 'K', 4, 'K4', 'NORMAL'),
(965, 6, 'K', 5, 'K5', 'NORMAL'),
(966, 6, 'K', 6, 'K6', 'NORMAL'),
(967, 6, 'K', 7, 'K7', 'NORMAL'),
(968, 6, 'K', 8, 'K8', 'NORMAL'),
(969, 6, 'K', 9, 'K9', 'NORMAL'),
(970, 6, 'K', 10, 'K10', 'NORMAL'),
(971, 6, 'K', 11, 'K11', 'NORMAL'),
(972, 6, 'K', 12, 'K12', 'NORMAL'),
(973, 6, 'K', 13, 'K13', 'NORMAL'),
(974, 6, 'K', 14, 'K14', 'NORMAL'),
(975, 6, 'K', 15, 'K15', 'NORMAL'),
(976, 6, 'L', 1, 'L1', 'NORMAL'),
(977, 6, 'L', 2, 'L2', 'NORMAL'),
(978, 6, 'L', 3, 'L3', 'NORMAL'),
(979, 6, 'L', 4, 'L4', 'NORMAL'),
(980, 6, 'L', 5, 'L5', 'NORMAL'),
(981, 6, 'L', 6, 'L6', 'NORMAL'),
(982, 6, 'L', 7, 'L7', 'NORMAL'),
(983, 6, 'L', 8, 'L8', 'NORMAL'),
(984, 6, 'L', 9, 'L9', 'NORMAL'),
(985, 6, 'L', 10, 'L10', 'NORMAL'),
(986, 6, 'L', 11, 'L11', 'NORMAL'),
(987, 6, 'L', 12, 'L12', 'NORMAL'),
(988, 6, 'L', 13, 'L13', 'NORMAL'),
(989, 6, 'L', 14, 'L14', 'NORMAL'),
(990, 6, 'L', 15, 'L15', 'NORMAL'),
(991, 7, 'A', 1, 'A1', 'NORMAL'),
(992, 7, 'A', 2, 'A2', 'NORMAL'),
(993, 7, 'A', 3, 'A3', 'NORMAL'),
(994, 7, 'A', 4, 'A4', 'NORMAL'),
(995, 7, 'A', 5, 'A5', 'NORMAL'),
(996, 7, 'A', 6, 'A6', 'NORMAL'),
(997, 7, 'A', 7, 'A7', 'NORMAL'),
(998, 7, 'A', 8, 'A8', 'NORMAL'),
(999, 7, 'A', 9, 'A9', 'NORMAL'),
(1000, 7, 'A', 10, 'A10', 'NORMAL'),
(1001, 7, 'B', 1, 'B1', 'NORMAL'),
(1002, 7, 'B', 2, 'B2', 'NORMAL'),
(1003, 7, 'B', 3, 'B3', 'NORMAL'),
(1004, 7, 'B', 4, 'B4', 'NORMAL'),
(1005, 7, 'B', 5, 'B5', 'NORMAL'),
(1006, 7, 'B', 6, 'B6', 'NORMAL'),
(1007, 7, 'B', 7, 'B7', 'NORMAL'),
(1008, 7, 'B', 8, 'B8', 'NORMAL'),
(1009, 7, 'B', 9, 'B9', 'NORMAL'),
(1010, 7, 'B', 10, 'B10', 'NORMAL'),
(1011, 7, 'C', 1, 'C1', 'NORMAL'),
(1012, 7, 'C', 2, 'C2', 'NORMAL'),
(1013, 7, 'C', 3, 'C3', 'NORMAL'),
(1014, 7, 'C', 4, 'C4', 'NORMAL'),
(1015, 7, 'C', 5, 'C5', 'NORMAL'),
(1016, 7, 'C', 6, 'C6', 'NORMAL'),
(1017, 7, 'C', 7, 'C7', 'NORMAL'),
(1018, 7, 'C', 8, 'C8', 'NORMAL'),
(1019, 7, 'C', 9, 'C9', 'NORMAL'),
(1020, 7, 'C', 10, 'C10', 'NORMAL'),
(1021, 7, 'D', 1, 'D1', 'NORMAL'),
(1022, 7, 'D', 2, 'D2', 'NORMAL'),
(1023, 7, 'D', 3, 'D3', 'NORMAL'),
(1024, 7, 'D', 4, 'D4', 'NORMAL'),
(1025, 7, 'D', 5, 'D5', 'NORMAL'),
(1026, 7, 'D', 6, 'D6', 'NORMAL'),
(1027, 7, 'D', 7, 'D7', 'NORMAL'),
(1028, 7, 'D', 8, 'D8', 'NORMAL'),
(1029, 7, 'D', 9, 'D9', 'NORMAL'),
(1030, 7, 'D', 10, 'D10', 'NORMAL'),
(1031, 7, 'E', 1, 'E1', 'NORMAL'),
(1032, 7, 'E', 2, 'E2', 'NORMAL'),
(1033, 7, 'E', 3, 'E3', 'NORMAL'),
(1034, 7, 'E', 4, 'E4', 'NORMAL'),
(1035, 7, 'E', 5, 'E5', 'NORMAL'),
(1036, 7, 'E', 6, 'E6', 'NORMAL'),
(1037, 7, 'E', 7, 'E7', 'NORMAL'),
(1038, 7, 'E', 8, 'E8', 'NORMAL'),
(1039, 7, 'E', 9, 'E9', 'NORMAL'),
(1040, 7, 'E', 10, 'E10', 'NORMAL'),
(1041, 7, 'F', 1, 'F1', 'NORMAL'),
(1042, 7, 'F', 2, 'F2', 'NORMAL'),
(1043, 7, 'F', 3, 'F3', 'NORMAL'),
(1044, 7, 'F', 4, 'F4', 'NORMAL'),
(1045, 7, 'F', 5, 'F5', 'NORMAL'),
(1046, 7, 'F', 6, 'F6', 'NORMAL'),
(1047, 7, 'F', 7, 'F7', 'NORMAL'),
(1048, 7, 'F', 8, 'F8', 'NORMAL'),
(1049, 7, 'F', 9, 'F9', 'NORMAL'),
(1050, 7, 'F', 10, 'F10', 'NORMAL'),
(1051, 7, 'G', 1, 'G1', 'NORMAL'),
(1052, 7, 'G', 2, 'G2', 'NORMAL'),
(1053, 7, 'G', 3, 'G3', 'NORMAL'),
(1054, 7, 'G', 4, 'G4', 'NORMAL'),
(1055, 7, 'G', 5, 'G5', 'NORMAL'),
(1056, 7, 'G', 6, 'G6', 'NORMAL'),
(1057, 7, 'G', 7, 'G7', 'NORMAL'),
(1058, 7, 'G', 8, 'G8', 'NORMAL'),
(1059, 7, 'G', 9, 'G9', 'NORMAL'),
(1060, 7, 'G', 10, 'G10', 'NORMAL'),
(1061, 7, 'H', 1, 'H1', 'NORMAL'),
(1062, 7, 'H', 2, 'H2', 'NORMAL'),
(1063, 7, 'H', 3, 'H3', 'NORMAL'),
(1064, 7, 'H', 4, 'H4', 'NORMAL'),
(1065, 7, 'H', 5, 'H5', 'NORMAL'),
(1066, 7, 'H', 6, 'H6', 'NORMAL'),
(1067, 7, 'H', 7, 'H7', 'NORMAL'),
(1068, 7, 'H', 8, 'H8', 'NORMAL'),
(1069, 7, 'H', 9, 'H9', 'NORMAL'),
(1070, 7, 'H', 10, 'H10', 'NORMAL'),
(1071, 8, 'A', 1, 'A1', 'NORMAL'),
(1072, 8, 'A', 2, 'A2', 'NORMAL'),
(1073, 8, 'A', 3, 'A3', 'NORMAL'),
(1074, 8, 'A', 4, 'A4', 'NORMAL'),
(1075, 8, 'A', 5, 'A5', 'NORMAL'),
(1076, 8, 'A', 6, 'A6', 'NORMAL'),
(1077, 8, 'A', 7, 'A7', 'NORMAL'),
(1078, 8, 'A', 8, 'A8', 'NORMAL'),
(1079, 8, 'A', 9, 'A9', 'NORMAL'),
(1080, 8, 'A', 10, 'A10', 'NORMAL'),
(1081, 8, 'B', 1, 'B1', 'NORMAL'),
(1082, 8, 'B', 2, 'B2', 'NORMAL'),
(1083, 8, 'B', 3, 'B3', 'NORMAL'),
(1084, 8, 'B', 4, 'B4', 'NORMAL'),
(1085, 8, 'B', 5, 'B5', 'NORMAL'),
(1086, 8, 'B', 6, 'B6', 'NORMAL'),
(1087, 8, 'B', 7, 'B7', 'NORMAL'),
(1088, 8, 'B', 8, 'B8', 'NORMAL'),
(1089, 8, 'B', 9, 'B9', 'NORMAL'),
(1090, 8, 'B', 10, 'B10', 'NORMAL'),
(1091, 8, 'C', 1, 'C1', 'NORMAL'),
(1092, 8, 'C', 2, 'C2', 'NORMAL'),
(1093, 8, 'C', 3, 'C3', 'NORMAL'),
(1094, 8, 'C', 4, 'C4', 'NORMAL'),
(1095, 8, 'C', 5, 'C5', 'NORMAL'),
(1096, 8, 'C', 6, 'C6', 'NORMAL'),
(1097, 8, 'C', 7, 'C7', 'NORMAL'),
(1098, 8, 'C', 8, 'C8', 'NORMAL'),
(1099, 8, 'C', 9, 'C9', 'NORMAL'),
(1100, 8, 'C', 10, 'C10', 'NORMAL'),
(1101, 8, 'D', 1, 'D1', 'NORMAL'),
(1102, 8, 'D', 2, 'D2', 'NORMAL'),
(1103, 8, 'D', 3, 'D3', 'NORMAL'),
(1104, 8, 'D', 4, 'D4', 'NORMAL'),
(1105, 8, 'D', 5, 'D5', 'NORMAL'),
(1106, 8, 'D', 6, 'D6', 'NORMAL'),
(1107, 8, 'D', 7, 'D7', 'NORMAL'),
(1108, 8, 'D', 8, 'D8', 'NORMAL'),
(1109, 8, 'D', 9, 'D9', 'NORMAL'),
(1110, 8, 'D', 10, 'D10', 'NORMAL'),
(1111, 8, 'E', 1, 'E1', 'NORMAL'),
(1112, 8, 'E', 2, 'E2', 'NORMAL'),
(1113, 8, 'E', 3, 'E3', 'NORMAL'),
(1114, 8, 'E', 4, 'E4', 'NORMAL'),
(1115, 8, 'E', 5, 'E5', 'NORMAL'),
(1116, 8, 'E', 6, 'E6', 'NORMAL'),
(1117, 8, 'E', 7, 'E7', 'NORMAL'),
(1118, 8, 'E', 8, 'E8', 'NORMAL'),
(1119, 8, 'E', 9, 'E9', 'NORMAL'),
(1120, 8, 'E', 10, 'E10', 'NORMAL'),
(1121, 8, 'F', 1, 'F1', 'NORMAL'),
(1122, 8, 'F', 2, 'F2', 'NORMAL'),
(1123, 8, 'F', 3, 'F3', 'NORMAL'),
(1124, 8, 'F', 4, 'F4', 'NORMAL'),
(1125, 8, 'F', 5, 'F5', 'NORMAL'),
(1126, 8, 'F', 6, 'F6', 'NORMAL'),
(1127, 8, 'F', 7, 'F7', 'NORMAL'),
(1128, 8, 'F', 8, 'F8', 'NORMAL'),
(1129, 8, 'F', 9, 'F9', 'NORMAL'),
(1130, 8, 'F', 10, 'F10', 'NORMAL'),
(1131, 8, 'G', 1, 'G1', 'NORMAL'),
(1132, 8, 'G', 2, 'G2', 'NORMAL'),
(1133, 8, 'G', 3, 'G3', 'NORMAL'),
(1134, 8, 'G', 4, 'G4', 'NORMAL'),
(1135, 8, 'G', 5, 'G5', 'NORMAL'),
(1136, 8, 'G', 6, 'G6', 'NORMAL'),
(1137, 8, 'G', 7, 'G7', 'NORMAL'),
(1138, 8, 'G', 8, 'G8', 'NORMAL'),
(1139, 8, 'G', 9, 'G9', 'NORMAL'),
(1140, 8, 'G', 10, 'G10', 'NORMAL'),
(1141, 8, 'H', 1, 'H1', 'NORMAL'),
(1142, 8, 'H', 2, 'H2', 'NORMAL'),
(1143, 8, 'H', 3, 'H3', 'NORMAL'),
(1144, 8, 'H', 4, 'H4', 'NORMAL'),
(1145, 8, 'H', 5, 'H5', 'NORMAL'),
(1146, 8, 'H', 6, 'H6', 'NORMAL'),
(1147, 8, 'H', 7, 'H7', 'NORMAL'),
(1148, 8, 'H', 8, 'H8', 'NORMAL'),
(1149, 8, 'H', 9, 'H9', 'NORMAL'),
(1150, 8, 'H', 10, 'H10', 'NORMAL'),
(1151, 9, 'A', 1, 'A1', 'NORMAL'),
(1152, 9, 'A', 2, 'A2', 'NORMAL'),
(1153, 9, 'A', 3, 'A3', 'NORMAL'),
(1154, 9, 'A', 4, 'A4', 'NORMAL'),
(1155, 9, 'A', 5, 'A5', 'NORMAL'),
(1156, 9, 'A', 6, 'A6', 'NORMAL'),
(1157, 9, 'A', 7, 'A7', 'NORMAL'),
(1158, 9, 'A', 8, 'A8', 'NORMAL'),
(1159, 9, 'A', 9, 'A9', 'NORMAL'),
(1160, 9, 'A', 10, 'A10', 'NORMAL'),
(1161, 9, 'B', 1, 'B1', 'NORMAL'),
(1162, 9, 'B', 2, 'B2', 'NORMAL'),
(1163, 9, 'B', 3, 'B3', 'NORMAL'),
(1164, 9, 'B', 4, 'B4', 'NORMAL'),
(1165, 9, 'B', 5, 'B5', 'NORMAL'),
(1166, 9, 'B', 6, 'B6', 'NORMAL'),
(1167, 9, 'B', 7, 'B7', 'NORMAL'),
(1168, 9, 'B', 8, 'B8', 'NORMAL'),
(1169, 9, 'B', 9, 'B9', 'NORMAL'),
(1170, 9, 'B', 10, 'B10', 'NORMAL'),
(1171, 9, 'C', 1, 'C1', 'NORMAL'),
(1172, 9, 'C', 2, 'C2', 'NORMAL'),
(1173, 9, 'C', 3, 'C3', 'NORMAL'),
(1174, 9, 'C', 4, 'C4', 'NORMAL'),
(1175, 9, 'C', 5, 'C5', 'NORMAL'),
(1176, 9, 'C', 6, 'C6', 'NORMAL'),
(1177, 9, 'C', 7, 'C7', 'NORMAL'),
(1178, 9, 'C', 8, 'C8', 'NORMAL'),
(1179, 9, 'C', 9, 'C9', 'NORMAL'),
(1180, 9, 'C', 10, 'C10', 'NORMAL'),
(1181, 9, 'D', 1, 'D1', 'NORMAL'),
(1182, 9, 'D', 2, 'D2', 'NORMAL'),
(1183, 9, 'D', 3, 'D3', 'NORMAL'),
(1184, 9, 'D', 4, 'D4', 'NORMAL'),
(1185, 9, 'D', 5, 'D5', 'NORMAL'),
(1186, 9, 'D', 6, 'D6', 'NORMAL'),
(1187, 9, 'D', 7, 'D7', 'NORMAL'),
(1188, 9, 'D', 8, 'D8', 'NORMAL'),
(1189, 9, 'D', 9, 'D9', 'NORMAL'),
(1190, 9, 'D', 10, 'D10', 'NORMAL'),
(1191, 9, 'E', 1, 'E1', 'NORMAL'),
(1192, 9, 'E', 2, 'E2', 'NORMAL'),
(1193, 9, 'E', 3, 'E3', 'NORMAL'),
(1194, 9, 'E', 4, 'E4', 'NORMAL'),
(1195, 9, 'E', 5, 'E5', 'NORMAL'),
(1196, 9, 'E', 6, 'E6', 'NORMAL'),
(1197, 9, 'E', 7, 'E7', 'NORMAL'),
(1198, 9, 'E', 8, 'E8', 'NORMAL'),
(1199, 9, 'E', 9, 'E9', 'NORMAL'),
(1200, 9, 'E', 10, 'E10', 'NORMAL'),
(1201, 9, 'F', 1, 'F1', 'NORMAL'),
(1202, 9, 'F', 2, 'F2', 'NORMAL'),
(1203, 9, 'F', 3, 'F3', 'NORMAL'),
(1204, 9, 'F', 4, 'F4', 'NORMAL'),
(1205, 9, 'F', 5, 'F5', 'NORMAL'),
(1206, 9, 'F', 6, 'F6', 'NORMAL'),
(1207, 9, 'F', 7, 'F7', 'NORMAL'),
(1208, 9, 'F', 8, 'F8', 'NORMAL'),
(1209, 9, 'F', 9, 'F9', 'NORMAL'),
(1210, 9, 'F', 10, 'F10', 'NORMAL'),
(1211, 9, 'G', 1, 'G1', 'NORMAL'),
(1212, 9, 'G', 2, 'G2', 'NORMAL'),
(1213, 9, 'G', 3, 'G3', 'NORMAL'),
(1214, 9, 'G', 4, 'G4', 'NORMAL'),
(1215, 9, 'G', 5, 'G5', 'NORMAL'),
(1216, 9, 'G', 6, 'G6', 'NORMAL'),
(1217, 9, 'G', 7, 'G7', 'NORMAL'),
(1218, 9, 'G', 8, 'G8', 'NORMAL'),
(1219, 9, 'G', 9, 'G9', 'NORMAL'),
(1220, 9, 'G', 10, 'G10', 'NORMAL'),
(1221, 9, 'H', 1, 'H1', 'NORMAL'),
(1222, 9, 'H', 2, 'H2', 'NORMAL'),
(1223, 9, 'H', 3, 'H3', 'NORMAL'),
(1224, 9, 'H', 4, 'H4', 'NORMAL'),
(1225, 9, 'H', 5, 'H5', 'NORMAL'),
(1226, 9, 'H', 6, 'H6', 'NORMAL'),
(1227, 9, 'H', 7, 'H7', 'NORMAL'),
(1228, 9, 'H', 8, 'H8', 'NORMAL'),
(1229, 9, 'H', 9, 'H9', 'NORMAL'),
(1230, 9, 'H', 10, 'H10', 'NORMAL'),
(1231, 10, 'A', 1, 'A1', 'NORMAL'),
(1232, 10, 'A', 2, 'A2', 'NORMAL'),
(1233, 10, 'A', 3, 'A3', 'NORMAL'),
(1234, 10, 'A', 4, 'A4', 'NORMAL'),
(1235, 10, 'A', 5, 'A5', 'NORMAL'),
(1236, 10, 'A', 6, 'A6', 'NORMAL'),
(1237, 10, 'A', 7, 'A7', 'NORMAL'),
(1238, 10, 'A', 8, 'A8', 'NORMAL'),
(1239, 10, 'A', 9, 'A9', 'NORMAL'),
(1240, 10, 'A', 10, 'A10', 'NORMAL'),
(1241, 10, 'B', 1, 'B1', 'NORMAL'),
(1242, 10, 'B', 2, 'B2', 'NORMAL'),
(1243, 10, 'B', 3, 'B3', 'NORMAL'),
(1244, 10, 'B', 4, 'B4', 'NORMAL'),
(1245, 10, 'B', 5, 'B5', 'NORMAL'),
(1246, 10, 'B', 6, 'B6', 'NORMAL'),
(1247, 10, 'B', 7, 'B7', 'NORMAL'),
(1248, 10, 'B', 8, 'B8', 'NORMAL'),
(1249, 10, 'B', 9, 'B9', 'NORMAL'),
(1250, 10, 'B', 10, 'B10', 'NORMAL'),
(1251, 10, 'C', 1, 'C1', 'NORMAL'),
(1252, 10, 'C', 2, 'C2', 'NORMAL'),
(1253, 10, 'C', 3, 'C3', 'NORMAL'),
(1254, 10, 'C', 4, 'C4', 'NORMAL'),
(1255, 10, 'C', 5, 'C5', 'NORMAL'),
(1256, 10, 'C', 6, 'C6', 'NORMAL'),
(1257, 10, 'C', 7, 'C7', 'NORMAL'),
(1258, 10, 'C', 8, 'C8', 'NORMAL'),
(1259, 10, 'C', 9, 'C9', 'NORMAL'),
(1260, 10, 'C', 10, 'C10', 'NORMAL'),
(1261, 10, 'D', 1, 'D1', 'NORMAL'),
(1262, 10, 'D', 2, 'D2', 'NORMAL'),
(1263, 10, 'D', 3, 'D3', 'NORMAL'),
(1264, 10, 'D', 4, 'D4', 'NORMAL'),
(1265, 10, 'D', 5, 'D5', 'NORMAL'),
(1266, 10, 'D', 6, 'D6', 'NORMAL'),
(1267, 10, 'D', 7, 'D7', 'NORMAL'),
(1268, 10, 'D', 8, 'D8', 'NORMAL'),
(1269, 10, 'D', 9, 'D9', 'NORMAL'),
(1270, 10, 'D', 10, 'D10', 'NORMAL'),
(1271, 10, 'E', 1, 'E1', 'NORMAL'),
(1272, 10, 'E', 2, 'E2', 'NORMAL'),
(1273, 10, 'E', 3, 'E3', 'NORMAL'),
(1274, 10, 'E', 4, 'E4', 'NORMAL'),
(1275, 10, 'E', 5, 'E5', 'NORMAL'),
(1276, 10, 'E', 6, 'E6', 'NORMAL'),
(1277, 10, 'E', 7, 'E7', 'NORMAL'),
(1278, 10, 'E', 8, 'E8', 'NORMAL'),
(1279, 10, 'E', 9, 'E9', 'NORMAL'),
(1280, 10, 'E', 10, 'E10', 'NORMAL'),
(1281, 10, 'F', 1, 'F1', 'NORMAL'),
(1282, 10, 'F', 2, 'F2', 'NORMAL'),
(1283, 10, 'F', 3, 'F3', 'NORMAL'),
(1284, 10, 'F', 4, 'F4', 'NORMAL'),
(1285, 10, 'F', 5, 'F5', 'NORMAL'),
(1286, 10, 'F', 6, 'F6', 'NORMAL'),
(1287, 10, 'F', 7, 'F7', 'NORMAL'),
(1288, 10, 'F', 8, 'F8', 'NORMAL'),
(1289, 10, 'F', 9, 'F9', 'NORMAL'),
(1290, 10, 'F', 10, 'F10', 'NORMAL'),
(1291, 10, 'G', 1, 'G1', 'NORMAL'),
(1292, 10, 'G', 2, 'G2', 'NORMAL'),
(1293, 10, 'G', 3, 'G3', 'NORMAL'),
(1294, 10, 'G', 4, 'G4', 'NORMAL'),
(1295, 10, 'G', 5, 'G5', 'NORMAL'),
(1296, 10, 'G', 6, 'G6', 'NORMAL'),
(1297, 10, 'G', 7, 'G7', 'NORMAL'),
(1298, 10, 'G', 8, 'G8', 'NORMAL'),
(1299, 10, 'G', 9, 'G9', 'NORMAL'),
(1300, 10, 'G', 10, 'G10', 'NORMAL'),
(1301, 10, 'H', 1, 'H1', 'NORMAL'),
(1302, 10, 'H', 2, 'H2', 'NORMAL'),
(1303, 10, 'H', 3, 'H3', 'NORMAL'),
(1304, 10, 'H', 4, 'H4', 'NORMAL'),
(1305, 10, 'H', 5, 'H5', 'NORMAL'),
(1306, 10, 'H', 6, 'H6', 'NORMAL'),
(1307, 10, 'H', 7, 'H7', 'NORMAL'),
(1308, 10, 'H', 8, 'H8', 'NORMAL'),
(1309, 10, 'H', 9, 'H9', 'NORMAL'),
(1310, 10, 'H', 10, 'H10', 'NORMAL'),
(1311, 11, 'A', 1, 'A1', 'NORMAL'),
(1312, 11, 'A', 2, 'A2', 'NORMAL'),
(1313, 11, 'A', 3, 'A3', 'NORMAL'),
(1314, 11, 'A', 4, 'A4', 'NORMAL'),
(1315, 11, 'A', 5, 'A5', 'NORMAL'),
(1316, 11, 'A', 6, 'A6', 'NORMAL'),
(1317, 11, 'A', 7, 'A7', 'NORMAL'),
(1318, 11, 'A', 8, 'A8', 'NORMAL'),
(1319, 11, 'A', 9, 'A9', 'NORMAL'),
(1320, 11, 'A', 10, 'A10', 'NORMAL'),
(1321, 11, 'B', 1, 'B1', 'NORMAL'),
(1322, 11, 'B', 2, 'B2', 'NORMAL'),
(1323, 11, 'B', 3, 'B3', 'NORMAL'),
(1324, 11, 'B', 4, 'B4', 'NORMAL'),
(1325, 11, 'B', 5, 'B5', 'NORMAL'),
(1326, 11, 'B', 6, 'B6', 'NORMAL'),
(1327, 11, 'B', 7, 'B7', 'NORMAL'),
(1328, 11, 'B', 8, 'B8', 'NORMAL'),
(1329, 11, 'B', 9, 'B9', 'NORMAL'),
(1330, 11, 'B', 10, 'B10', 'NORMAL'),
(1331, 11, 'C', 1, 'C1', 'NORMAL'),
(1332, 11, 'C', 2, 'C2', 'NORMAL'),
(1333, 11, 'C', 3, 'C3', 'NORMAL'),
(1334, 11, 'C', 4, 'C4', 'NORMAL'),
(1335, 11, 'C', 5, 'C5', 'NORMAL'),
(1336, 11, 'C', 6, 'C6', 'NORMAL'),
(1337, 11, 'C', 7, 'C7', 'NORMAL'),
(1338, 11, 'C', 8, 'C8', 'NORMAL'),
(1339, 11, 'C', 9, 'C9', 'NORMAL'),
(1340, 11, 'C', 10, 'C10', 'NORMAL'),
(1341, 11, 'D', 1, 'D1', 'NORMAL'),
(1342, 11, 'D', 2, 'D2', 'NORMAL'),
(1343, 11, 'D', 3, 'D3', 'NORMAL'),
(1344, 11, 'D', 4, 'D4', 'NORMAL'),
(1345, 11, 'D', 5, 'D5', 'NORMAL'),
(1346, 11, 'D', 6, 'D6', 'NORMAL'),
(1347, 11, 'D', 7, 'D7', 'NORMAL'),
(1348, 11, 'D', 8, 'D8', 'NORMAL'),
(1349, 11, 'D', 9, 'D9', 'NORMAL'),
(1350, 11, 'D', 10, 'D10', 'NORMAL'),
(1351, 11, 'E', 1, 'E1', 'NORMAL'),
(1352, 11, 'E', 2, 'E2', 'NORMAL'),
(1353, 11, 'E', 3, 'E3', 'NORMAL'),
(1354, 11, 'E', 4, 'E4', 'NORMAL'),
(1355, 11, 'E', 5, 'E5', 'NORMAL'),
(1356, 11, 'E', 6, 'E6', 'NORMAL'),
(1357, 11, 'E', 7, 'E7', 'NORMAL'),
(1358, 11, 'E', 8, 'E8', 'NORMAL'),
(1359, 11, 'E', 9, 'E9', 'NORMAL'),
(1360, 11, 'E', 10, 'E10', 'NORMAL'),
(1361, 11, 'F', 1, 'F1', 'NORMAL'),
(1362, 11, 'F', 2, 'F2', 'NORMAL'),
(1363, 11, 'F', 3, 'F3', 'NORMAL'),
(1364, 11, 'F', 4, 'F4', 'NORMAL'),
(1365, 11, 'F', 5, 'F5', 'NORMAL'),
(1366, 11, 'F', 6, 'F6', 'NORMAL'),
(1367, 11, 'F', 7, 'F7', 'NORMAL'),
(1368, 11, 'F', 8, 'F8', 'NORMAL'),
(1369, 11, 'F', 9, 'F9', 'NORMAL'),
(1370, 11, 'F', 10, 'F10', 'NORMAL'),
(1371, 11, 'G', 1, 'G1', 'NORMAL'),
(1372, 11, 'G', 2, 'G2', 'NORMAL'),
(1373, 11, 'G', 3, 'G3', 'NORMAL'),
(1374, 11, 'G', 4, 'G4', 'NORMAL'),
(1375, 11, 'G', 5, 'G5', 'NORMAL'),
(1376, 11, 'G', 6, 'G6', 'NORMAL'),
(1377, 11, 'G', 7, 'G7', 'NORMAL'),
(1378, 11, 'G', 8, 'G8', 'NORMAL'),
(1379, 11, 'G', 9, 'G9', 'NORMAL'),
(1380, 11, 'G', 10, 'G10', 'NORMAL'),
(1381, 11, 'H', 1, 'H1', 'NORMAL'),
(1382, 11, 'H', 2, 'H2', 'NORMAL'),
(1383, 11, 'H', 3, 'H3', 'NORMAL'),
(1384, 11, 'H', 4, 'H4', 'NORMAL'),
(1385, 11, 'H', 5, 'H5', 'NORMAL'),
(1386, 11, 'H', 6, 'H6', 'NORMAL'),
(1387, 11, 'H', 7, 'H7', 'NORMAL'),
(1388, 11, 'H', 8, 'H8', 'NORMAL'),
(1389, 11, 'H', 9, 'H9', 'NORMAL'),
(1390, 11, 'H', 10, 'H10', 'NORMAL'),
(1391, 12, 'A', 1, 'A1', 'NORMAL'),
(1392, 12, 'A', 2, 'A2', 'NORMAL'),
(1393, 12, 'A', 3, 'A3', 'NORMAL'),
(1394, 12, 'A', 4, 'A4', 'NORMAL'),
(1395, 12, 'A', 5, 'A5', 'NORMAL'),
(1396, 12, 'A', 6, 'A6', 'NORMAL'),
(1397, 12, 'A', 7, 'A7', 'NORMAL'),
(1398, 12, 'A', 8, 'A8', 'NORMAL'),
(1399, 12, 'A', 9, 'A9', 'NORMAL'),
(1400, 12, 'A', 10, 'A10', 'NORMAL'),
(1401, 12, 'B', 1, 'B1', 'NORMAL'),
(1402, 12, 'B', 2, 'B2', 'NORMAL'),
(1403, 12, 'B', 3, 'B3', 'NORMAL'),
(1404, 12, 'B', 4, 'B4', 'NORMAL'),
(1405, 12, 'B', 5, 'B5', 'NORMAL'),
(1406, 12, 'B', 6, 'B6', 'NORMAL'),
(1407, 12, 'B', 7, 'B7', 'NORMAL'),
(1408, 12, 'B', 8, 'B8', 'NORMAL'),
(1409, 12, 'B', 9, 'B9', 'NORMAL'),
(1410, 12, 'B', 10, 'B10', 'NORMAL'),
(1411, 12, 'C', 1, 'C1', 'NORMAL'),
(1412, 12, 'C', 2, 'C2', 'NORMAL'),
(1413, 12, 'C', 3, 'C3', 'NORMAL'),
(1414, 12, 'C', 4, 'C4', 'NORMAL'),
(1415, 12, 'C', 5, 'C5', 'NORMAL'),
(1416, 12, 'C', 6, 'C6', 'NORMAL'),
(1417, 12, 'C', 7, 'C7', 'NORMAL'),
(1418, 12, 'C', 8, 'C8', 'NORMAL'),
(1419, 12, 'C', 9, 'C9', 'NORMAL'),
(1420, 12, 'C', 10, 'C10', 'NORMAL'),
(1421, 12, 'D', 1, 'D1', 'NORMAL'),
(1422, 12, 'D', 2, 'D2', 'NORMAL'),
(1423, 12, 'D', 3, 'D3', 'NORMAL'),
(1424, 12, 'D', 4, 'D4', 'NORMAL'),
(1425, 12, 'D', 5, 'D5', 'NORMAL'),
(1426, 12, 'D', 6, 'D6', 'NORMAL'),
(1427, 12, 'D', 7, 'D7', 'NORMAL'),
(1428, 12, 'D', 8, 'D8', 'NORMAL'),
(1429, 12, 'D', 9, 'D9', 'NORMAL'),
(1430, 12, 'D', 10, 'D10', 'NORMAL'),
(1431, 12, 'E', 1, 'E1', 'NORMAL'),
(1432, 12, 'E', 2, 'E2', 'NORMAL'),
(1433, 12, 'E', 3, 'E3', 'NORMAL'),
(1434, 12, 'E', 4, 'E4', 'NORMAL'),
(1435, 12, 'E', 5, 'E5', 'NORMAL'),
(1436, 12, 'E', 6, 'E6', 'NORMAL'),
(1437, 12, 'E', 7, 'E7', 'NORMAL'),
(1438, 12, 'E', 8, 'E8', 'NORMAL'),
(1439, 12, 'E', 9, 'E9', 'NORMAL'),
(1440, 12, 'E', 10, 'E10', 'NORMAL'),
(1441, 12, 'F', 1, 'F1', 'NORMAL'),
(1442, 12, 'F', 2, 'F2', 'NORMAL'),
(1443, 12, 'F', 3, 'F3', 'NORMAL'),
(1444, 12, 'F', 4, 'F4', 'NORMAL'),
(1445, 12, 'F', 5, 'F5', 'NORMAL'),
(1446, 12, 'F', 6, 'F6', 'NORMAL'),
(1447, 12, 'F', 7, 'F7', 'NORMAL'),
(1448, 12, 'F', 8, 'F8', 'NORMAL'),
(1449, 12, 'F', 9, 'F9', 'NORMAL'),
(1450, 12, 'F', 10, 'F10', 'NORMAL'),
(1451, 12, 'G', 1, 'G1', 'NORMAL'),
(1452, 12, 'G', 2, 'G2', 'NORMAL'),
(1453, 12, 'G', 3, 'G3', 'NORMAL'),
(1454, 12, 'G', 4, 'G4', 'NORMAL'),
(1455, 12, 'G', 5, 'G5', 'NORMAL'),
(1456, 12, 'G', 6, 'G6', 'NORMAL'),
(1457, 12, 'G', 7, 'G7', 'NORMAL'),
(1458, 12, 'G', 8, 'G8', 'NORMAL'),
(1459, 12, 'G', 9, 'G9', 'NORMAL'),
(1460, 12, 'G', 10, 'G10', 'NORMAL'),
(1461, 12, 'H', 1, 'H1', 'NORMAL'),
(1462, 12, 'H', 2, 'H2', 'NORMAL'),
(1463, 12, 'H', 3, 'H3', 'NORMAL'),
(1464, 12, 'H', 4, 'H4', 'NORMAL'),
(1465, 12, 'H', 5, 'H5', 'NORMAL'),
(1466, 12, 'H', 6, 'H6', 'NORMAL'),
(1467, 12, 'H', 7, 'H7', 'NORMAL'),
(1468, 12, 'H', 8, 'H8', 'NORMAL'),
(1469, 12, 'H', 9, 'H9', 'NORMAL'),
(1470, 12, 'H', 10, 'H10', 'NORMAL'),
(1471, 13, 'A', 1, 'A1', 'NORMAL'),
(1472, 13, 'A', 2, 'A2', 'NORMAL'),
(1473, 13, 'A', 3, 'A3', 'NORMAL'),
(1474, 13, 'A', 4, 'A4', 'NORMAL'),
(1475, 13, 'A', 5, 'A5', 'NORMAL'),
(1476, 13, 'A', 6, 'A6', 'NORMAL'),
(1477, 13, 'A', 7, 'A7', 'NORMAL'),
(1478, 13, 'A', 8, 'A8', 'NORMAL'),
(1479, 13, 'A', 9, 'A9', 'NORMAL'),
(1480, 13, 'A', 10, 'A10', 'NORMAL'),
(1481, 13, 'B', 1, 'B1', 'NORMAL'),
(1482, 13, 'B', 2, 'B2', 'NORMAL'),
(1483, 13, 'B', 3, 'B3', 'NORMAL'),
(1484, 13, 'B', 4, 'B4', 'NORMAL'),
(1485, 13, 'B', 5, 'B5', 'NORMAL'),
(1486, 13, 'B', 6, 'B6', 'NORMAL'),
(1487, 13, 'B', 7, 'B7', 'NORMAL'),
(1488, 13, 'B', 8, 'B8', 'NORMAL'),
(1489, 13, 'B', 9, 'B9', 'NORMAL'),
(1490, 13, 'B', 10, 'B10', 'NORMAL'),
(1491, 13, 'C', 1, 'C1', 'NORMAL'),
(1492, 13, 'C', 2, 'C2', 'NORMAL'),
(1493, 13, 'C', 3, 'C3', 'NORMAL'),
(1494, 13, 'C', 4, 'C4', 'NORMAL'),
(1495, 13, 'C', 5, 'C5', 'NORMAL'),
(1496, 13, 'C', 6, 'C6', 'NORMAL'),
(1497, 13, 'C', 7, 'C7', 'NORMAL'),
(1498, 13, 'C', 8, 'C8', 'NORMAL'),
(1499, 13, 'C', 9, 'C9', 'NORMAL'),
(1500, 13, 'C', 10, 'C10', 'NORMAL'),
(1501, 13, 'D', 1, 'D1', 'NORMAL'),
(1502, 13, 'D', 2, 'D2', 'NORMAL'),
(1503, 13, 'D', 3, 'D3', 'NORMAL'),
(1504, 13, 'D', 4, 'D4', 'NORMAL'),
(1505, 13, 'D', 5, 'D5', 'NORMAL'),
(1506, 13, 'D', 6, 'D6', 'NORMAL'),
(1507, 13, 'D', 7, 'D7', 'NORMAL'),
(1508, 13, 'D', 8, 'D8', 'NORMAL'),
(1509, 13, 'D', 9, 'D9', 'NORMAL'),
(1510, 13, 'D', 10, 'D10', 'NORMAL'),
(1511, 13, 'E', 1, 'E1', 'NORMAL'),
(1512, 13, 'E', 2, 'E2', 'NORMAL'),
(1513, 13, 'E', 3, 'E3', 'NORMAL'),
(1514, 13, 'E', 4, 'E4', 'NORMAL'),
(1515, 13, 'E', 5, 'E5', 'NORMAL');
INSERT INTO `seats` (`seat_id`, `room_id`, `seat_row`, `seat_number`, `seat_code`, `seat_type`) VALUES
(1516, 13, 'E', 6, 'E6', 'NORMAL'),
(1517, 13, 'E', 7, 'E7', 'NORMAL'),
(1518, 13, 'E', 8, 'E8', 'NORMAL'),
(1519, 13, 'E', 9, 'E9', 'NORMAL'),
(1520, 13, 'E', 10, 'E10', 'NORMAL'),
(1521, 13, 'F', 1, 'F1', 'NORMAL'),
(1522, 13, 'F', 2, 'F2', 'NORMAL'),
(1523, 13, 'F', 3, 'F3', 'NORMAL'),
(1524, 13, 'F', 4, 'F4', 'NORMAL'),
(1525, 13, 'F', 5, 'F5', 'NORMAL'),
(1526, 13, 'F', 6, 'F6', 'NORMAL'),
(1527, 13, 'F', 7, 'F7', 'NORMAL'),
(1528, 13, 'F', 8, 'F8', 'NORMAL'),
(1529, 13, 'F', 9, 'F9', 'NORMAL'),
(1530, 13, 'F', 10, 'F10', 'NORMAL'),
(1531, 13, 'G', 1, 'G1', 'NORMAL'),
(1532, 13, 'G', 2, 'G2', 'NORMAL'),
(1533, 13, 'G', 3, 'G3', 'NORMAL'),
(1534, 13, 'G', 4, 'G4', 'NORMAL'),
(1535, 13, 'G', 5, 'G5', 'NORMAL'),
(1536, 13, 'G', 6, 'G6', 'NORMAL'),
(1537, 13, 'G', 7, 'G7', 'NORMAL'),
(1538, 13, 'G', 8, 'G8', 'NORMAL'),
(1539, 13, 'G', 9, 'G9', 'NORMAL'),
(1540, 13, 'G', 10, 'G10', 'NORMAL'),
(1541, 13, 'H', 1, 'H1', 'NORMAL'),
(1542, 13, 'H', 2, 'H2', 'NORMAL'),
(1543, 13, 'H', 3, 'H3', 'NORMAL'),
(1544, 13, 'H', 4, 'H4', 'NORMAL'),
(1545, 13, 'H', 5, 'H5', 'NORMAL'),
(1546, 13, 'H', 6, 'H6', 'NORMAL'),
(1547, 13, 'H', 7, 'H7', 'NORMAL'),
(1548, 13, 'H', 8, 'H8', 'NORMAL'),
(1549, 13, 'H', 9, 'H9', 'NORMAL'),
(1550, 13, 'H', 10, 'H10', 'NORMAL');

-- --------------------------------------------------------

--
-- Cấu trúc bảng cho bảng `services`
--

CREATE TABLE `services` (
  `service_id` int(11) NOT NULL,
  `name` varchar(100) NOT NULL,
  `description` text DEFAULT NULL,
  `price` decimal(10,2) NOT NULL,
  `image` varchar(255) DEFAULT NULL,
  `category` enum('FOOD','DRINK','COMBO') DEFAULT 'FOOD',
  `status` tinyint(4) DEFAULT 1,
  `stock` int(11) DEFAULT 0
) ENGINE=InnoDB DEFAULT CHARSET=utf8 COLLATE=utf8_unicode_ci;

--
-- Đang đổ dữ liệu cho bảng `services`
--

INSERT INTO `services` (`service_id`, `name`, `description`, `price`, `image`, `category`, `status`, `stock`) VALUES
(1, 'Family Combo 69oz', 'TIẾT KIỆM 95K!!! Gồm: 2 Bắp (69oz) + 4 Nước có gas (22oz) + 2 Snack Oishi (80g)', 150.00, 'https://res.cloudinary.com/dw53rwd7l/image/upload/v1776332824/cinemas/ryx8zazcuaqaqbxnpbzj.png', 'COMBO', 1, 1000);

-- --------------------------------------------------------

--
-- Cấu trúc bảng cho bảng `showtimes`
--

CREATE TABLE `showtimes` (
  `showtime_id` int(11) NOT NULL,
  `movie_id` int(11) NOT NULL,
  `room_id` int(11) NOT NULL,
  `start_time` datetime NOT NULL,
  `end_time` datetime NOT NULL,
  `format` enum('2D','3D','IMAX','4DX') DEFAULT '2D',
  `language` enum('SUB','DUB') DEFAULT 'SUB',
  `status` enum('UPCOMING','NOW_SHOWING','COMPLETED','CANCELLED') DEFAULT 'UPCOMING',
  `sold_tickets` int(11) DEFAULT 0,
  `revenue` decimal(12,2) DEFAULT 0.00,
  `createdAt` datetime DEFAULT NULL,
  `updatedAt` datetime DEFAULT NULL
) ENGINE=InnoDB DEFAULT CHARSET=utf8 COLLATE=utf8_unicode_ci;

--
-- Đang đổ dữ liệu cho bảng `showtimes`
--

INSERT INTO `showtimes` (`showtime_id`, `movie_id`, `room_id`, `start_time`, `end_time`, `format`, `language`, `status`, `sold_tickets`, `revenue`, `createdAt`, `updatedAt`) VALUES
(1, 2, 1, '0000-00-00 00:00:00', '0000-00-00 00:00:00', '2D', 'SUB', 'UPCOMING', 0, 0.00, '2026-04-13 09:25:32', '2026-04-13 09:25:32'),
(10, 1, 1, '2026-04-13 15:00:00', '2026-04-13 16:51:00', '2D', 'SUB', 'UPCOMING', 0, 0.00, '2026-04-13 09:44:35', '2026-04-13 09:44:35'),
(11, 2, 1, '2026-04-30 15:00:00', '2026-04-30 17:00:00', '2D', 'SUB', 'UPCOMING', 0, 0.00, '2026-04-13 09:52:43', '2026-04-13 09:52:43'),
(12, 1, 1, '2026-04-14 15:00:00', '2026-04-14 16:51:00', '2D', 'SUB', 'UPCOMING', 0, 0.00, '2026-04-13 10:02:07', '2026-04-13 10:02:07'),
(13, 1, 1, '2026-04-14 11:00:00', '2026-04-14 12:51:00', '2D', 'SUB', 'UPCOMING', 0, 0.00, '2026-04-13 10:02:32', '2026-04-13 10:02:32'),
(14, 1, 1, '2026-04-15 11:00:00', '2026-04-15 12:51:00', '2D', 'SUB', 'UPCOMING', 0, 0.00, '2026-04-13 10:02:50', '2026-04-13 10:02:50'),
(15, 1, 1, '2026-04-16 13:00:00', '2026-04-16 14:51:00', '2D', 'SUB', 'UPCOMING', 0, 0.00, '2026-04-13 10:03:18', '2026-04-13 10:03:18'),
(16, 2, 1, '2026-04-29 15:00:00', '2026-04-29 17:00:00', '2D', 'SUB', 'UPCOMING', 0, 0.00, '2026-04-13 12:24:17', '2026-04-13 12:24:17'),
(17, 1, 1, '2026-04-18 09:00:00', '2026-04-18 10:51:00', '2D', 'SUB', 'UPCOMING', 0, 0.00, '2026-04-16 08:59:00', '2026-04-16 08:59:00'),
(18, 1, 1, '2026-04-18 11:00:00', '2026-04-18 12:51:00', '2D', 'SUB', 'UPCOMING', 0, 0.00, '2026-04-16 08:59:18', '2026-04-16 08:59:18'),
(19, 3, 10, '2026-04-16 13:00:00', '2026-04-16 14:58:00', '2D', 'SUB', 'UPCOMING', 0, 0.00, '2026-04-16 09:04:34', '2026-04-16 09:04:34');

-- --------------------------------------------------------

--
-- Cấu trúc bảng cho bảng `showtime_seats`
--

CREATE TABLE `showtime_seats` (
  `showtime_seat_id` int(11) NOT NULL,
  `showtime_id` int(11) DEFAULT NULL,
  `seat_id` int(11) DEFAULT NULL,
  `price` decimal(10,2) DEFAULT NULL,
  `hold_at` datetime DEFAULT NULL,
  `status` enum('AVAILABLE','HOLD','BOOKED') DEFAULT 'AVAILABLE'
) ENGINE=InnoDB DEFAULT CHARSET=utf8 COLLATE=utf8_unicode_ci;

--
-- Đang đổ dữ liệu cho bảng `showtime_seats`
--

INSERT INTO `showtime_seats` (`showtime_seat_id`, `showtime_id`, `seat_id`, `price`, `hold_at`, `status`) VALUES
(1, 1, 1, 80000.00, NULL, 'AVAILABLE'),
(2, 1, 2, 80000.00, NULL, 'AVAILABLE'),
(3, 1, 3, 80000.00, NULL, 'AVAILABLE'),
(4, 1, 4, 80000.00, NULL, 'AVAILABLE'),
(5, 1, 5, 80000.00, NULL, 'AVAILABLE'),
(6, 1, 6, 80000.00, NULL, 'AVAILABLE'),
(7, 1, 7, 80000.00, NULL, 'AVAILABLE'),
(8, 1, 8, 80000.00, NULL, 'AVAILABLE'),
(9, 1, 9, 80000.00, NULL, 'AVAILABLE'),
(10, 1, 10, 80000.00, NULL, 'AVAILABLE'),
(11, 1, 11, 80000.00, NULL, 'AVAILABLE'),
(12, 1, 12, 80000.00, NULL, 'AVAILABLE'),
(13, 1, 13, 80000.00, NULL, 'AVAILABLE'),
(14, 1, 14, 80000.00, NULL, 'AVAILABLE'),
(15, 1, 15, 80000.00, NULL, 'AVAILABLE'),
(16, 1, 16, 80000.00, NULL, 'AVAILABLE'),
(17, 1, 17, 80000.00, NULL, 'AVAILABLE'),
(18, 1, 18, 80000.00, NULL, 'AVAILABLE'),
(19, 1, 19, 80000.00, NULL, 'AVAILABLE'),
(20, 1, 20, 80000.00, NULL, 'AVAILABLE'),
(21, 1, 21, 80000.00, NULL, 'AVAILABLE'),
(22, 1, 22, 80000.00, NULL, 'AVAILABLE'),
(23, 1, 23, 80000.00, NULL, 'AVAILABLE'),
(24, 1, 24, 80000.00, NULL, 'AVAILABLE'),
(25, 1, 25, 80000.00, NULL, 'AVAILABLE'),
(26, 1, 26, 80000.00, NULL, 'AVAILABLE'),
(27, 1, 27, 80000.00, NULL, 'AVAILABLE'),
(28, 1, 28, 80000.00, NULL, 'AVAILABLE'),
(29, 1, 29, 80000.00, NULL, 'AVAILABLE'),
(30, 1, 30, 80000.00, NULL, 'AVAILABLE'),
(31, 1, 31, 80000.00, NULL, 'AVAILABLE'),
(32, 1, 32, 80000.00, NULL, 'AVAILABLE'),
(33, 1, 33, 80000.00, NULL, 'AVAILABLE'),
(34, 1, 34, 80000.00, NULL, 'AVAILABLE'),
(35, 1, 35, 80000.00, NULL, 'AVAILABLE'),
(36, 1, 36, 80000.00, NULL, 'AVAILABLE'),
(37, 1, 37, 80000.00, NULL, 'AVAILABLE'),
(38, 1, 38, 80000.00, NULL, 'AVAILABLE'),
(39, 1, 39, 80000.00, NULL, 'AVAILABLE'),
(40, 1, 40, 80000.00, NULL, 'AVAILABLE'),
(41, 1, 41, 80000.00, NULL, 'AVAILABLE'),
(42, 1, 42, 80000.00, NULL, 'AVAILABLE'),
(43, 1, 43, 80000.00, NULL, 'AVAILABLE'),
(44, 1, 44, 80000.00, NULL, 'AVAILABLE'),
(45, 1, 45, 80000.00, NULL, 'AVAILABLE'),
(46, 1, 46, 80000.00, NULL, 'AVAILABLE'),
(47, 1, 47, 80000.00, NULL, 'AVAILABLE'),
(48, 1, 48, 80000.00, NULL, 'AVAILABLE'),
(49, 1, 49, 80000.00, NULL, 'AVAILABLE'),
(50, 1, 50, 80000.00, NULL, 'AVAILABLE'),
(51, 1, 51, 80000.00, NULL, 'AVAILABLE'),
(52, 1, 52, 80000.00, NULL, 'AVAILABLE'),
(53, 1, 53, 80000.00, NULL, 'AVAILABLE'),
(54, 1, 54, 80000.00, NULL, 'AVAILABLE'),
(55, 1, 55, 80000.00, NULL, 'AVAILABLE'),
(56, 1, 56, 80000.00, NULL, 'AVAILABLE'),
(57, 1, 57, 80000.00, NULL, 'AVAILABLE'),
(58, 1, 58, 80000.00, NULL, 'AVAILABLE'),
(59, 1, 59, 80000.00, NULL, 'AVAILABLE'),
(60, 1, 60, 80000.00, NULL, 'AVAILABLE'),
(61, 1, 61, 80000.00, NULL, 'AVAILABLE'),
(62, 1, 62, 80000.00, NULL, 'AVAILABLE'),
(63, 1, 63, 80000.00, NULL, 'AVAILABLE'),
(64, 1, 64, 80000.00, NULL, 'AVAILABLE'),
(65, 1, 65, 80000.00, NULL, 'AVAILABLE'),
(66, 1, 66, 80000.00, NULL, 'AVAILABLE'),
(67, 1, 67, 80000.00, NULL, 'AVAILABLE'),
(68, 1, 68, 80000.00, NULL, 'AVAILABLE'),
(69, 1, 69, 80000.00, NULL, 'AVAILABLE'),
(70, 1, 70, 80000.00, NULL, 'AVAILABLE'),
(71, 1, 71, 80000.00, NULL, 'AVAILABLE'),
(72, 1, 72, 80000.00, NULL, 'AVAILABLE'),
(73, 1, 73, 80000.00, NULL, 'AVAILABLE'),
(74, 1, 74, 80000.00, NULL, 'AVAILABLE'),
(75, 1, 75, 80000.00, NULL, 'AVAILABLE'),
(76, 1, 76, 80000.00, NULL, 'AVAILABLE'),
(77, 1, 77, 80000.00, NULL, 'AVAILABLE'),
(78, 1, 78, 80000.00, NULL, 'AVAILABLE'),
(79, 1, 79, 80000.00, NULL, 'AVAILABLE'),
(80, 1, 80, 80000.00, NULL, 'AVAILABLE'),
(81, 1, 81, 80000.00, NULL, 'AVAILABLE'),
(82, 1, 82, 80000.00, NULL, 'AVAILABLE'),
(83, 1, 83, 80000.00, NULL, 'AVAILABLE'),
(84, 1, 84, 80000.00, NULL, 'AVAILABLE'),
(85, 1, 85, 80000.00, NULL, 'AVAILABLE'),
(86, 1, 86, 80000.00, NULL, 'AVAILABLE'),
(87, 1, 87, 80000.00, NULL, 'AVAILABLE'),
(88, 1, 88, 80000.00, NULL, 'AVAILABLE'),
(89, 1, 89, 80000.00, NULL, 'AVAILABLE'),
(90, 1, 90, 80000.00, NULL, 'AVAILABLE'),
(91, 1, 91, 80000.00, NULL, 'AVAILABLE'),
(92, 1, 92, 80000.00, NULL, 'AVAILABLE'),
(93, 1, 93, 80000.00, NULL, 'AVAILABLE'),
(94, 1, 94, 80000.00, NULL, 'AVAILABLE'),
(95, 1, 95, 80000.00, NULL, 'AVAILABLE'),
(96, 1, 96, 80000.00, NULL, 'AVAILABLE'),
(97, 1, 97, 80000.00, NULL, 'AVAILABLE'),
(98, 1, 98, 80000.00, NULL, 'AVAILABLE'),
(99, 1, 99, 80000.00, NULL, 'AVAILABLE'),
(100, 1, 100, 80000.00, NULL, 'AVAILABLE'),
(101, 1, 101, 80000.00, NULL, 'AVAILABLE'),
(102, 1, 102, 80000.00, NULL, 'AVAILABLE'),
(103, 1, 103, 80000.00, NULL, 'AVAILABLE'),
(104, 1, 104, 80000.00, NULL, 'AVAILABLE'),
(105, 1, 105, 80000.00, NULL, 'AVAILABLE'),
(106, 1, 106, 80000.00, NULL, 'AVAILABLE'),
(107, 1, 107, 80000.00, NULL, 'AVAILABLE'),
(108, 1, 108, 80000.00, NULL, 'AVAILABLE'),
(109, 1, 109, 80000.00, NULL, 'AVAILABLE'),
(110, 1, 110, 80000.00, NULL, 'AVAILABLE'),
(111, 1, 111, 80000.00, NULL, 'AVAILABLE'),
(112, 1, 112, 80000.00, NULL, 'AVAILABLE'),
(113, 1, 113, 80000.00, NULL, 'AVAILABLE'),
(114, 1, 114, 80000.00, NULL, 'AVAILABLE'),
(115, 1, 115, 80000.00, NULL, 'AVAILABLE'),
(116, 1, 116, 80000.00, NULL, 'AVAILABLE'),
(117, 1, 117, 80000.00, NULL, 'AVAILABLE'),
(118, 1, 118, 80000.00, NULL, 'AVAILABLE'),
(119, 1, 119, 80000.00, NULL, 'AVAILABLE'),
(120, 1, 120, 80000.00, NULL, 'AVAILABLE'),
(121, 1, 121, 80000.00, NULL, 'AVAILABLE'),
(122, 1, 122, 80000.00, NULL, 'AVAILABLE'),
(123, 1, 123, 80000.00, NULL, 'AVAILABLE'),
(124, 1, 124, 80000.00, NULL, 'AVAILABLE'),
(125, 1, 125, 80000.00, NULL, 'AVAILABLE'),
(126, 1, 126, 80000.00, NULL, 'AVAILABLE'),
(127, 1, 127, 80000.00, NULL, 'AVAILABLE'),
(128, 1, 128, 80000.00, NULL, 'AVAILABLE'),
(129, 1, 129, 80000.00, NULL, 'AVAILABLE'),
(130, 1, 130, 80000.00, NULL, 'AVAILABLE'),
(131, 1, 131, 80000.00, NULL, 'AVAILABLE'),
(132, 1, 132, 80000.00, NULL, 'AVAILABLE'),
(133, 1, 133, 80000.00, NULL, 'AVAILABLE'),
(134, 1, 134, 80000.00, NULL, 'AVAILABLE'),
(135, 1, 135, 80000.00, NULL, 'AVAILABLE'),
(136, 1, 136, 80000.00, NULL, 'AVAILABLE'),
(137, 1, 137, 80000.00, NULL, 'AVAILABLE'),
(138, 1, 138, 80000.00, NULL, 'AVAILABLE'),
(139, 1, 139, 80000.00, NULL, 'AVAILABLE'),
(140, 1, 140, 80000.00, NULL, 'AVAILABLE'),
(141, 1, 141, 80000.00, NULL, 'AVAILABLE'),
(142, 1, 142, 80000.00, NULL, 'AVAILABLE'),
(143, 1, 143, 80000.00, NULL, 'AVAILABLE'),
(144, 1, 144, 80000.00, NULL, 'AVAILABLE'),
(145, 1, 145, 80000.00, NULL, 'AVAILABLE'),
(146, 1, 146, 80000.00, NULL, 'AVAILABLE'),
(147, 1, 147, 80000.00, NULL, 'AVAILABLE'),
(148, 1, 148, 80000.00, NULL, 'AVAILABLE'),
(149, 1, 149, 80000.00, NULL, 'AVAILABLE'),
(150, 1, 150, 80000.00, NULL, 'AVAILABLE'),
(151, 1, 151, 80000.00, NULL, 'AVAILABLE'),
(152, 1, 152, 80000.00, NULL, 'AVAILABLE'),
(153, 1, 153, 80000.00, NULL, 'AVAILABLE'),
(154, 1, 154, 80000.00, NULL, 'AVAILABLE'),
(155, 1, 155, 80000.00, NULL, 'AVAILABLE'),
(156, 1, 156, 80000.00, NULL, 'AVAILABLE'),
(157, 1, 157, 80000.00, NULL, 'AVAILABLE'),
(158, 1, 158, 80000.00, NULL, 'AVAILABLE'),
(159, 1, 159, 80000.00, NULL, 'AVAILABLE'),
(160, 1, 160, 80000.00, NULL, 'AVAILABLE'),
(161, 1, 161, 80000.00, NULL, 'AVAILABLE'),
(162, 1, 162, 80000.00, NULL, 'AVAILABLE'),
(163, 1, 163, 80000.00, NULL, 'AVAILABLE'),
(164, 1, 164, 80000.00, NULL, 'AVAILABLE'),
(165, 1, 165, 80000.00, NULL, 'AVAILABLE'),
(166, 1, 166, 80000.00, NULL, 'AVAILABLE'),
(167, 1, 167, 80000.00, NULL, 'AVAILABLE'),
(168, 1, 168, 80000.00, NULL, 'AVAILABLE'),
(169, 1, 169, 80000.00, NULL, 'AVAILABLE'),
(170, 1, 170, 80000.00, NULL, 'AVAILABLE'),
(171, 1, 171, 80000.00, NULL, 'AVAILABLE'),
(172, 1, 172, 80000.00, NULL, 'AVAILABLE'),
(173, 1, 173, 80000.00, NULL, 'AVAILABLE'),
(174, 1, 174, 80000.00, NULL, 'AVAILABLE'),
(175, 1, 175, 80000.00, NULL, 'AVAILABLE'),
(176, 1, 176, 80000.00, NULL, 'AVAILABLE'),
(177, 1, 177, 80000.00, NULL, 'AVAILABLE'),
(178, 1, 178, 80000.00, NULL, 'AVAILABLE'),
(179, 1, 179, 80000.00, NULL, 'AVAILABLE'),
(180, 1, 180, 80000.00, NULL, 'AVAILABLE'),
(181, 10, 1, 80000.00, NULL, 'AVAILABLE'),
(182, 10, 2, 80000.00, NULL, 'AVAILABLE'),
(183, 10, 3, 80000.00, NULL, 'AVAILABLE'),
(184, 10, 4, 80000.00, NULL, 'AVAILABLE'),
(185, 10, 5, 80000.00, NULL, 'AVAILABLE'),
(186, 10, 6, 80000.00, NULL, 'AVAILABLE'),
(187, 10, 7, 80000.00, NULL, 'AVAILABLE'),
(188, 10, 8, 80000.00, NULL, 'AVAILABLE'),
(189, 10, 9, 80000.00, NULL, 'AVAILABLE'),
(190, 10, 10, 80000.00, NULL, 'AVAILABLE'),
(191, 10, 11, 80000.00, NULL, 'AVAILABLE'),
(192, 10, 12, 80000.00, NULL, 'AVAILABLE'),
(193, 10, 13, 80000.00, NULL, 'AVAILABLE'),
(194, 10, 14, 80000.00, NULL, 'AVAILABLE'),
(195, 10, 15, 80000.00, NULL, 'AVAILABLE'),
(196, 10, 16, 80000.00, NULL, 'AVAILABLE'),
(197, 10, 17, 80000.00, NULL, 'AVAILABLE'),
(198, 10, 18, 80000.00, NULL, 'AVAILABLE'),
(199, 10, 19, 80000.00, NULL, 'AVAILABLE'),
(200, 10, 20, 80000.00, NULL, 'AVAILABLE'),
(201, 10, 21, 80000.00, NULL, 'AVAILABLE'),
(202, 10, 22, 80000.00, NULL, 'AVAILABLE'),
(203, 10, 23, 80000.00, NULL, 'AVAILABLE'),
(204, 10, 24, 80000.00, NULL, 'AVAILABLE'),
(205, 10, 25, 80000.00, NULL, 'AVAILABLE'),
(206, 10, 26, 80000.00, NULL, 'AVAILABLE'),
(207, 10, 27, 80000.00, NULL, 'AVAILABLE'),
(208, 10, 28, 80000.00, NULL, 'AVAILABLE'),
(209, 10, 29, 80000.00, NULL, 'AVAILABLE'),
(210, 10, 30, 80000.00, NULL, 'AVAILABLE'),
(211, 10, 31, 80000.00, NULL, 'AVAILABLE'),
(212, 10, 32, 80000.00, NULL, 'AVAILABLE'),
(213, 10, 33, 80000.00, NULL, 'AVAILABLE'),
(214, 10, 34, 80000.00, NULL, 'AVAILABLE'),
(215, 10, 35, 80000.00, NULL, 'AVAILABLE'),
(216, 10, 36, 80000.00, NULL, 'AVAILABLE'),
(217, 10, 37, 80000.00, NULL, 'AVAILABLE'),
(218, 10, 38, 80000.00, NULL, 'AVAILABLE'),
(219, 10, 39, 80000.00, NULL, 'AVAILABLE'),
(220, 10, 40, 80000.00, NULL, 'AVAILABLE'),
(221, 10, 41, 80000.00, NULL, 'AVAILABLE'),
(222, 10, 42, 80000.00, NULL, 'AVAILABLE'),
(223, 10, 43, 80000.00, NULL, 'AVAILABLE'),
(224, 10, 44, 80000.00, NULL, 'AVAILABLE'),
(225, 10, 45, 80000.00, NULL, 'AVAILABLE'),
(226, 10, 46, 80000.00, NULL, 'AVAILABLE'),
(227, 10, 47, 80000.00, NULL, 'AVAILABLE'),
(228, 10, 48, 80000.00, NULL, 'AVAILABLE'),
(229, 10, 49, 80000.00, NULL, 'AVAILABLE'),
(230, 10, 50, 80000.00, NULL, 'AVAILABLE'),
(231, 10, 51, 80000.00, NULL, 'AVAILABLE'),
(232, 10, 52, 80000.00, NULL, 'AVAILABLE'),
(233, 10, 53, 80000.00, NULL, 'AVAILABLE'),
(234, 10, 54, 80000.00, NULL, 'AVAILABLE'),
(235, 10, 55, 80000.00, NULL, 'AVAILABLE'),
(236, 10, 56, 80000.00, NULL, 'AVAILABLE'),
(237, 10, 57, 80000.00, NULL, 'AVAILABLE'),
(238, 10, 58, 80000.00, NULL, 'AVAILABLE'),
(239, 10, 59, 80000.00, NULL, 'AVAILABLE'),
(240, 10, 60, 80000.00, NULL, 'AVAILABLE'),
(241, 10, 61, 80000.00, NULL, 'AVAILABLE'),
(242, 10, 62, 80000.00, NULL, 'AVAILABLE'),
(243, 10, 63, 80000.00, NULL, 'AVAILABLE'),
(244, 10, 64, 80000.00, NULL, 'AVAILABLE'),
(245, 10, 65, 80000.00, NULL, 'AVAILABLE'),
(246, 10, 66, 80000.00, NULL, 'AVAILABLE'),
(247, 10, 67, 80000.00, NULL, 'AVAILABLE'),
(248, 10, 68, 80000.00, NULL, 'AVAILABLE'),
(249, 10, 69, 80000.00, NULL, 'AVAILABLE'),
(250, 10, 70, 80000.00, NULL, 'AVAILABLE'),
(251, 10, 71, 80000.00, NULL, 'AVAILABLE'),
(252, 10, 72, 80000.00, NULL, 'AVAILABLE'),
(253, 10, 73, 80000.00, NULL, 'AVAILABLE'),
(254, 10, 74, 80000.00, NULL, 'AVAILABLE'),
(255, 10, 75, 80000.00, NULL, 'AVAILABLE'),
(256, 10, 76, 80000.00, NULL, 'AVAILABLE'),
(257, 10, 77, 80000.00, NULL, 'AVAILABLE'),
(258, 10, 78, 80000.00, NULL, 'AVAILABLE'),
(259, 10, 79, 80000.00, NULL, 'AVAILABLE'),
(260, 10, 80, 80000.00, NULL, 'AVAILABLE'),
(261, 10, 81, 80000.00, NULL, 'AVAILABLE'),
(262, 10, 82, 80000.00, NULL, 'AVAILABLE'),
(263, 10, 83, 80000.00, NULL, 'AVAILABLE'),
(264, 10, 84, 80000.00, NULL, 'AVAILABLE'),
(265, 10, 85, 80000.00, NULL, 'AVAILABLE'),
(266, 10, 86, 80000.00, NULL, 'AVAILABLE'),
(267, 10, 87, 80000.00, NULL, 'AVAILABLE'),
(268, 10, 88, 80000.00, NULL, 'AVAILABLE'),
(269, 10, 89, 80000.00, NULL, 'AVAILABLE'),
(270, 10, 90, 80000.00, NULL, 'AVAILABLE'),
(271, 10, 91, 80000.00, NULL, 'AVAILABLE'),
(272, 10, 92, 80000.00, NULL, 'AVAILABLE'),
(273, 10, 93, 80000.00, NULL, 'AVAILABLE'),
(274, 10, 94, 80000.00, NULL, 'AVAILABLE'),
(275, 10, 95, 80000.00, NULL, 'AVAILABLE'),
(276, 10, 96, 80000.00, NULL, 'AVAILABLE'),
(277, 10, 97, 80000.00, NULL, 'AVAILABLE'),
(278, 10, 98, 80000.00, NULL, 'AVAILABLE'),
(279, 10, 99, 80000.00, NULL, 'AVAILABLE'),
(280, 10, 100, 80000.00, NULL, 'AVAILABLE'),
(281, 10, 101, 80000.00, NULL, 'AVAILABLE'),
(282, 10, 102, 80000.00, NULL, 'AVAILABLE'),
(283, 10, 103, 80000.00, NULL, 'AVAILABLE'),
(284, 10, 104, 80000.00, NULL, 'AVAILABLE'),
(285, 10, 105, 80000.00, NULL, 'AVAILABLE'),
(286, 10, 106, 80000.00, NULL, 'AVAILABLE'),
(287, 10, 107, 80000.00, NULL, 'AVAILABLE'),
(288, 10, 108, 80000.00, NULL, 'AVAILABLE'),
(289, 10, 109, 80000.00, NULL, 'AVAILABLE'),
(290, 10, 110, 80000.00, NULL, 'AVAILABLE'),
(291, 10, 111, 80000.00, NULL, 'AVAILABLE'),
(292, 10, 112, 80000.00, NULL, 'AVAILABLE'),
(293, 10, 113, 80000.00, NULL, 'AVAILABLE'),
(294, 10, 114, 80000.00, NULL, 'AVAILABLE'),
(295, 10, 115, 80000.00, NULL, 'AVAILABLE'),
(296, 10, 116, 80000.00, NULL, 'AVAILABLE'),
(297, 10, 117, 80000.00, NULL, 'AVAILABLE'),
(298, 10, 118, 80000.00, NULL, 'AVAILABLE'),
(299, 10, 119, 80000.00, NULL, 'AVAILABLE'),
(300, 10, 120, 80000.00, NULL, 'AVAILABLE'),
(301, 10, 121, 80000.00, NULL, 'AVAILABLE'),
(302, 10, 122, 80000.00, NULL, 'AVAILABLE'),
(303, 10, 123, 80000.00, NULL, 'AVAILABLE'),
(304, 10, 124, 80000.00, NULL, 'AVAILABLE'),
(305, 10, 125, 80000.00, NULL, 'AVAILABLE'),
(306, 10, 126, 80000.00, NULL, 'AVAILABLE'),
(307, 10, 127, 80000.00, NULL, 'AVAILABLE'),
(308, 10, 128, 80000.00, NULL, 'AVAILABLE'),
(309, 10, 129, 80000.00, NULL, 'AVAILABLE'),
(310, 10, 130, 80000.00, NULL, 'AVAILABLE'),
(311, 10, 131, 80000.00, NULL, 'AVAILABLE'),
(312, 10, 132, 80000.00, NULL, 'AVAILABLE'),
(313, 10, 133, 80000.00, NULL, 'AVAILABLE'),
(314, 10, 134, 80000.00, NULL, 'AVAILABLE'),
(315, 10, 135, 80000.00, NULL, 'AVAILABLE'),
(316, 10, 136, 80000.00, NULL, 'AVAILABLE'),
(317, 10, 137, 80000.00, NULL, 'AVAILABLE'),
(318, 10, 138, 80000.00, NULL, 'AVAILABLE'),
(319, 10, 139, 80000.00, NULL, 'AVAILABLE'),
(320, 10, 140, 80000.00, NULL, 'AVAILABLE'),
(321, 10, 141, 80000.00, NULL, 'AVAILABLE'),
(322, 10, 142, 80000.00, NULL, 'AVAILABLE'),
(323, 10, 143, 80000.00, NULL, 'AVAILABLE'),
(324, 10, 144, 80000.00, NULL, 'AVAILABLE'),
(325, 10, 145, 80000.00, NULL, 'AVAILABLE'),
(326, 10, 146, 80000.00, NULL, 'AVAILABLE'),
(327, 10, 147, 80000.00, NULL, 'AVAILABLE'),
(328, 10, 148, 80000.00, NULL, 'AVAILABLE'),
(329, 10, 149, 80000.00, NULL, 'AVAILABLE'),
(330, 10, 150, 80000.00, NULL, 'AVAILABLE'),
(331, 10, 151, 80000.00, NULL, 'AVAILABLE'),
(332, 10, 152, 80000.00, NULL, 'AVAILABLE'),
(333, 10, 153, 80000.00, NULL, 'AVAILABLE'),
(334, 10, 154, 80000.00, NULL, 'AVAILABLE'),
(335, 10, 155, 80000.00, NULL, 'AVAILABLE'),
(336, 10, 156, 80000.00, NULL, 'AVAILABLE'),
(337, 10, 157, 80000.00, NULL, 'AVAILABLE'),
(338, 10, 158, 80000.00, NULL, 'AVAILABLE'),
(339, 10, 159, 80000.00, NULL, 'AVAILABLE'),
(340, 10, 160, 80000.00, NULL, 'AVAILABLE'),
(341, 10, 161, 80000.00, NULL, 'AVAILABLE'),
(342, 10, 162, 80000.00, NULL, 'AVAILABLE'),
(343, 10, 163, 80000.00, NULL, 'AVAILABLE'),
(344, 10, 164, 80000.00, NULL, 'AVAILABLE'),
(345, 10, 165, 80000.00, NULL, 'AVAILABLE'),
(346, 10, 166, 80000.00, NULL, 'AVAILABLE'),
(347, 10, 167, 80000.00, NULL, 'AVAILABLE'),
(348, 10, 168, 80000.00, NULL, 'AVAILABLE'),
(349, 10, 169, 80000.00, NULL, 'AVAILABLE'),
(350, 10, 170, 80000.00, NULL, 'AVAILABLE'),
(351, 10, 171, 80000.00, NULL, 'AVAILABLE'),
(352, 10, 172, 80000.00, NULL, 'AVAILABLE'),
(353, 10, 173, 80000.00, NULL, 'AVAILABLE'),
(354, 10, 174, 80000.00, NULL, 'AVAILABLE'),
(355, 10, 175, 80000.00, NULL, 'AVAILABLE'),
(356, 10, 176, 80000.00, NULL, 'AVAILABLE'),
(357, 10, 177, 80000.00, NULL, 'AVAILABLE'),
(358, 10, 178, 80000.00, NULL, 'AVAILABLE'),
(359, 10, 179, 80000.00, NULL, 'AVAILABLE'),
(360, 10, 180, 80000.00, NULL, 'AVAILABLE'),
(361, 11, 1, 80000.00, NULL, 'AVAILABLE'),
(362, 11, 2, 80000.00, NULL, 'AVAILABLE'),
(363, 11, 3, 80000.00, NULL, 'AVAILABLE'),
(364, 11, 4, 80000.00, NULL, 'AVAILABLE'),
(365, 11, 5, 80000.00, NULL, 'AVAILABLE'),
(366, 11, 6, 80000.00, NULL, 'AVAILABLE'),
(367, 11, 7, 80000.00, NULL, 'AVAILABLE'),
(368, 11, 8, 80000.00, NULL, 'AVAILABLE'),
(369, 11, 9, 80000.00, NULL, 'AVAILABLE'),
(370, 11, 10, 80000.00, NULL, 'AVAILABLE'),
(371, 11, 11, 80000.00, NULL, 'AVAILABLE'),
(372, 11, 12, 80000.00, NULL, 'AVAILABLE'),
(373, 11, 13, 80000.00, NULL, 'AVAILABLE'),
(374, 11, 14, 80000.00, NULL, 'AVAILABLE'),
(375, 11, 15, 80000.00, NULL, 'AVAILABLE'),
(376, 11, 16, 80000.00, NULL, 'AVAILABLE'),
(377, 11, 17, 80000.00, NULL, 'AVAILABLE'),
(378, 11, 18, 80000.00, NULL, 'AVAILABLE'),
(379, 11, 19, 80000.00, NULL, 'AVAILABLE'),
(380, 11, 20, 80000.00, NULL, 'AVAILABLE'),
(381, 11, 21, 80000.00, NULL, 'AVAILABLE'),
(382, 11, 22, 80000.00, NULL, 'AVAILABLE'),
(383, 11, 23, 80000.00, NULL, 'AVAILABLE'),
(384, 11, 24, 80000.00, NULL, 'AVAILABLE'),
(385, 11, 25, 80000.00, NULL, 'AVAILABLE'),
(386, 11, 26, 80000.00, NULL, 'AVAILABLE'),
(387, 11, 27, 80000.00, NULL, 'AVAILABLE'),
(388, 11, 28, 80000.00, NULL, 'AVAILABLE'),
(389, 11, 29, 80000.00, NULL, 'AVAILABLE'),
(390, 11, 30, 80000.00, NULL, 'AVAILABLE'),
(391, 11, 31, 80000.00, NULL, 'AVAILABLE'),
(392, 11, 32, 80000.00, NULL, 'AVAILABLE'),
(393, 11, 33, 80000.00, NULL, 'AVAILABLE'),
(394, 11, 34, 80000.00, NULL, 'AVAILABLE'),
(395, 11, 35, 80000.00, NULL, 'AVAILABLE'),
(396, 11, 36, 80000.00, NULL, 'AVAILABLE'),
(397, 11, 37, 80000.00, NULL, 'AVAILABLE'),
(398, 11, 38, 80000.00, NULL, 'AVAILABLE'),
(399, 11, 39, 80000.00, NULL, 'AVAILABLE'),
(400, 11, 40, 80000.00, NULL, 'AVAILABLE'),
(401, 11, 41, 80000.00, NULL, 'AVAILABLE'),
(402, 11, 42, 80000.00, NULL, 'AVAILABLE'),
(403, 11, 43, 80000.00, NULL, 'AVAILABLE'),
(404, 11, 44, 80000.00, NULL, 'AVAILABLE'),
(405, 11, 45, 80000.00, NULL, 'AVAILABLE'),
(406, 11, 46, 80000.00, NULL, 'AVAILABLE'),
(407, 11, 47, 80000.00, NULL, 'AVAILABLE'),
(408, 11, 48, 80000.00, NULL, 'AVAILABLE'),
(409, 11, 49, 80000.00, NULL, 'AVAILABLE'),
(410, 11, 50, 80000.00, NULL, 'AVAILABLE'),
(411, 11, 51, 80000.00, NULL, 'AVAILABLE'),
(412, 11, 52, 80000.00, NULL, 'AVAILABLE'),
(413, 11, 53, 80000.00, NULL, 'AVAILABLE'),
(414, 11, 54, 80000.00, NULL, 'AVAILABLE'),
(415, 11, 55, 80000.00, NULL, 'AVAILABLE'),
(416, 11, 56, 80000.00, NULL, 'AVAILABLE'),
(417, 11, 57, 80000.00, NULL, 'AVAILABLE'),
(418, 11, 58, 80000.00, NULL, 'AVAILABLE'),
(419, 11, 59, 80000.00, NULL, 'AVAILABLE'),
(420, 11, 60, 80000.00, NULL, 'AVAILABLE'),
(421, 11, 61, 80000.00, NULL, 'AVAILABLE'),
(422, 11, 62, 80000.00, NULL, 'AVAILABLE'),
(423, 11, 63, 80000.00, NULL, 'AVAILABLE'),
(424, 11, 64, 80000.00, NULL, 'AVAILABLE'),
(425, 11, 65, 80000.00, NULL, 'AVAILABLE'),
(426, 11, 66, 80000.00, NULL, 'AVAILABLE'),
(427, 11, 67, 80000.00, NULL, 'AVAILABLE'),
(428, 11, 68, 80000.00, NULL, 'AVAILABLE'),
(429, 11, 69, 80000.00, NULL, 'AVAILABLE'),
(430, 11, 70, 80000.00, NULL, 'AVAILABLE'),
(431, 11, 71, 80000.00, NULL, 'AVAILABLE'),
(432, 11, 72, 80000.00, NULL, 'AVAILABLE'),
(433, 11, 73, 80000.00, NULL, 'AVAILABLE'),
(434, 11, 74, 80000.00, NULL, 'AVAILABLE'),
(435, 11, 75, 80000.00, NULL, 'AVAILABLE'),
(436, 11, 76, 80000.00, NULL, 'AVAILABLE'),
(437, 11, 77, 80000.00, NULL, 'AVAILABLE'),
(438, 11, 78, 80000.00, NULL, 'AVAILABLE'),
(439, 11, 79, 80000.00, NULL, 'AVAILABLE'),
(440, 11, 80, 80000.00, NULL, 'AVAILABLE'),
(441, 11, 81, 80000.00, NULL, 'AVAILABLE'),
(442, 11, 82, 80000.00, NULL, 'AVAILABLE'),
(443, 11, 83, 80000.00, NULL, 'AVAILABLE'),
(444, 11, 84, 80000.00, NULL, 'AVAILABLE'),
(445, 11, 85, 80000.00, NULL, 'AVAILABLE'),
(446, 11, 86, 80000.00, NULL, 'AVAILABLE'),
(447, 11, 87, 80000.00, NULL, 'AVAILABLE'),
(448, 11, 88, 80000.00, NULL, 'AVAILABLE'),
(449, 11, 89, 80000.00, NULL, 'AVAILABLE'),
(450, 11, 90, 80000.00, NULL, 'AVAILABLE'),
(451, 11, 91, 80000.00, NULL, 'AVAILABLE'),
(452, 11, 92, 80000.00, NULL, 'AVAILABLE'),
(453, 11, 93, 80000.00, NULL, 'AVAILABLE'),
(454, 11, 94, 80000.00, NULL, 'AVAILABLE'),
(455, 11, 95, 80000.00, NULL, 'AVAILABLE'),
(456, 11, 96, 80000.00, NULL, 'AVAILABLE'),
(457, 11, 97, 80000.00, NULL, 'AVAILABLE'),
(458, 11, 98, 80000.00, NULL, 'AVAILABLE'),
(459, 11, 99, 80000.00, NULL, 'AVAILABLE'),
(460, 11, 100, 80000.00, NULL, 'AVAILABLE'),
(461, 11, 101, 80000.00, NULL, 'AVAILABLE'),
(462, 11, 102, 80000.00, NULL, 'AVAILABLE'),
(463, 11, 103, 80000.00, NULL, 'AVAILABLE'),
(464, 11, 104, 80000.00, NULL, 'AVAILABLE'),
(465, 11, 105, 80000.00, NULL, 'AVAILABLE'),
(466, 11, 106, 80000.00, NULL, 'AVAILABLE'),
(467, 11, 107, 80000.00, NULL, 'AVAILABLE'),
(468, 11, 108, 80000.00, NULL, 'AVAILABLE'),
(469, 11, 109, 80000.00, NULL, 'AVAILABLE'),
(470, 11, 110, 80000.00, NULL, 'AVAILABLE'),
(471, 11, 111, 80000.00, NULL, 'AVAILABLE'),
(472, 11, 112, 80000.00, NULL, 'AVAILABLE'),
(473, 11, 113, 80000.00, NULL, 'AVAILABLE'),
(474, 11, 114, 80000.00, NULL, 'AVAILABLE'),
(475, 11, 115, 80000.00, NULL, 'AVAILABLE'),
(476, 11, 116, 80000.00, NULL, 'AVAILABLE'),
(477, 11, 117, 80000.00, NULL, 'AVAILABLE'),
(478, 11, 118, 80000.00, NULL, 'AVAILABLE'),
(479, 11, 119, 80000.00, NULL, 'AVAILABLE'),
(480, 11, 120, 80000.00, NULL, 'AVAILABLE'),
(481, 11, 121, 80000.00, NULL, 'AVAILABLE'),
(482, 11, 122, 80000.00, NULL, 'AVAILABLE'),
(483, 11, 123, 80000.00, NULL, 'AVAILABLE'),
(484, 11, 124, 80000.00, NULL, 'AVAILABLE'),
(485, 11, 125, 80000.00, NULL, 'AVAILABLE'),
(486, 11, 126, 80000.00, NULL, 'AVAILABLE'),
(487, 11, 127, 80000.00, NULL, 'AVAILABLE'),
(488, 11, 128, 80000.00, NULL, 'AVAILABLE'),
(489, 11, 129, 80000.00, NULL, 'AVAILABLE'),
(490, 11, 130, 80000.00, NULL, 'AVAILABLE'),
(491, 11, 131, 80000.00, NULL, 'AVAILABLE'),
(492, 11, 132, 80000.00, NULL, 'AVAILABLE'),
(493, 11, 133, 80000.00, NULL, 'AVAILABLE'),
(494, 11, 134, 80000.00, NULL, 'AVAILABLE'),
(495, 11, 135, 80000.00, NULL, 'AVAILABLE'),
(496, 11, 136, 80000.00, NULL, 'AVAILABLE'),
(497, 11, 137, 80000.00, NULL, 'AVAILABLE'),
(498, 11, 138, 80000.00, NULL, 'AVAILABLE'),
(499, 11, 139, 80000.00, NULL, 'AVAILABLE'),
(500, 11, 140, 80000.00, NULL, 'AVAILABLE'),
(501, 11, 141, 80000.00, NULL, 'AVAILABLE'),
(502, 11, 142, 80000.00, NULL, 'AVAILABLE'),
(503, 11, 143, 80000.00, NULL, 'AVAILABLE'),
(504, 11, 144, 80000.00, NULL, 'AVAILABLE'),
(505, 11, 145, 80000.00, NULL, 'AVAILABLE'),
(506, 11, 146, 80000.00, NULL, 'AVAILABLE'),
(507, 11, 147, 80000.00, NULL, 'AVAILABLE'),
(508, 11, 148, 80000.00, NULL, 'AVAILABLE'),
(509, 11, 149, 80000.00, NULL, 'AVAILABLE'),
(510, 11, 150, 80000.00, NULL, 'AVAILABLE'),
(511, 11, 151, 80000.00, NULL, 'AVAILABLE'),
(512, 11, 152, 80000.00, NULL, 'AVAILABLE'),
(513, 11, 153, 80000.00, NULL, 'AVAILABLE'),
(514, 11, 154, 80000.00, NULL, 'AVAILABLE'),
(515, 11, 155, 80000.00, NULL, 'AVAILABLE'),
(516, 11, 156, 80000.00, NULL, 'AVAILABLE'),
(517, 11, 157, 80000.00, NULL, 'AVAILABLE'),
(518, 11, 158, 80000.00, NULL, 'AVAILABLE'),
(519, 11, 159, 80000.00, NULL, 'AVAILABLE'),
(520, 11, 160, 80000.00, NULL, 'AVAILABLE'),
(521, 11, 161, 80000.00, NULL, 'AVAILABLE'),
(522, 11, 162, 80000.00, NULL, 'AVAILABLE'),
(523, 11, 163, 80000.00, NULL, 'AVAILABLE'),
(524, 11, 164, 80000.00, NULL, 'AVAILABLE'),
(525, 11, 165, 80000.00, NULL, 'AVAILABLE'),
(526, 11, 166, 80000.00, NULL, 'AVAILABLE'),
(527, 11, 167, 80000.00, NULL, 'AVAILABLE'),
(528, 11, 168, 80000.00, NULL, 'AVAILABLE'),
(529, 11, 169, 80000.00, NULL, 'AVAILABLE'),
(530, 11, 170, 80000.00, NULL, 'AVAILABLE'),
(531, 11, 171, 80000.00, NULL, 'AVAILABLE'),
(532, 11, 172, 80000.00, NULL, 'AVAILABLE'),
(533, 11, 173, 80000.00, NULL, 'AVAILABLE'),
(534, 11, 174, 80000.00, NULL, 'AVAILABLE'),
(535, 11, 175, 80000.00, NULL, 'AVAILABLE'),
(536, 11, 176, 80000.00, NULL, 'AVAILABLE'),
(537, 11, 177, 80000.00, NULL, 'AVAILABLE'),
(538, 11, 178, 80000.00, NULL, 'AVAILABLE'),
(539, 11, 179, 80000.00, NULL, 'AVAILABLE'),
(540, 11, 180, 80000.00, NULL, 'AVAILABLE'),
(541, 12, 1, 80000.00, NULL, 'AVAILABLE'),
(542, 12, 2, 80000.00, NULL, 'AVAILABLE'),
(543, 12, 3, 80000.00, NULL, 'AVAILABLE'),
(544, 12, 4, 80000.00, NULL, 'AVAILABLE'),
(545, 12, 5, 80000.00, NULL, 'AVAILABLE'),
(546, 12, 6, 80000.00, NULL, 'AVAILABLE'),
(547, 12, 7, 80000.00, NULL, 'AVAILABLE'),
(548, 12, 8, 80000.00, NULL, 'AVAILABLE'),
(549, 12, 9, 80000.00, NULL, 'AVAILABLE'),
(550, 12, 10, 80000.00, NULL, 'AVAILABLE'),
(551, 12, 11, 80000.00, NULL, 'AVAILABLE'),
(552, 12, 12, 80000.00, NULL, 'AVAILABLE'),
(553, 12, 13, 80000.00, NULL, 'AVAILABLE'),
(554, 12, 14, 80000.00, NULL, 'AVAILABLE'),
(555, 12, 15, 80000.00, NULL, 'AVAILABLE'),
(556, 12, 16, 80000.00, NULL, 'AVAILABLE'),
(557, 12, 17, 80000.00, NULL, 'AVAILABLE'),
(558, 12, 18, 80000.00, NULL, 'AVAILABLE'),
(559, 12, 19, 80000.00, NULL, 'AVAILABLE'),
(560, 12, 20, 80000.00, NULL, 'AVAILABLE'),
(561, 12, 21, 80000.00, NULL, 'AVAILABLE'),
(562, 12, 22, 80000.00, NULL, 'AVAILABLE'),
(563, 12, 23, 80000.00, NULL, 'AVAILABLE'),
(564, 12, 24, 80000.00, NULL, 'AVAILABLE'),
(565, 12, 25, 80000.00, NULL, 'AVAILABLE'),
(566, 12, 26, 80000.00, NULL, 'AVAILABLE'),
(567, 12, 27, 80000.00, NULL, 'AVAILABLE'),
(568, 12, 28, 80000.00, NULL, 'AVAILABLE'),
(569, 12, 29, 80000.00, NULL, 'AVAILABLE'),
(570, 12, 30, 80000.00, NULL, 'AVAILABLE'),
(571, 12, 31, 80000.00, NULL, 'AVAILABLE'),
(572, 12, 32, 80000.00, NULL, 'AVAILABLE'),
(573, 12, 33, 80000.00, NULL, 'AVAILABLE'),
(574, 12, 34, 80000.00, NULL, 'AVAILABLE'),
(575, 12, 35, 80000.00, NULL, 'AVAILABLE'),
(576, 12, 36, 80000.00, NULL, 'AVAILABLE'),
(577, 12, 37, 80000.00, NULL, 'AVAILABLE'),
(578, 12, 38, 80000.00, NULL, 'AVAILABLE'),
(579, 12, 39, 80000.00, NULL, 'AVAILABLE'),
(580, 12, 40, 80000.00, NULL, 'AVAILABLE'),
(581, 12, 41, 80000.00, NULL, 'AVAILABLE'),
(582, 12, 42, 80000.00, NULL, 'AVAILABLE'),
(583, 12, 43, 80000.00, NULL, 'AVAILABLE'),
(584, 12, 44, 80000.00, NULL, 'AVAILABLE'),
(585, 12, 45, 80000.00, NULL, 'AVAILABLE'),
(586, 12, 46, 80000.00, NULL, 'AVAILABLE'),
(587, 12, 47, 80000.00, NULL, 'AVAILABLE'),
(588, 12, 48, 80000.00, NULL, 'AVAILABLE'),
(589, 12, 49, 80000.00, NULL, 'AVAILABLE'),
(590, 12, 50, 80000.00, NULL, 'AVAILABLE'),
(591, 12, 51, 80000.00, NULL, 'AVAILABLE'),
(592, 12, 52, 80000.00, NULL, 'AVAILABLE'),
(593, 12, 53, 80000.00, NULL, 'AVAILABLE'),
(594, 12, 54, 80000.00, NULL, 'AVAILABLE'),
(595, 12, 55, 80000.00, NULL, 'AVAILABLE'),
(596, 12, 56, 80000.00, NULL, 'AVAILABLE'),
(597, 12, 57, 80000.00, NULL, 'AVAILABLE'),
(598, 12, 58, 80000.00, NULL, 'AVAILABLE'),
(599, 12, 59, 80000.00, NULL, 'AVAILABLE'),
(600, 12, 60, 80000.00, NULL, 'AVAILABLE'),
(601, 12, 61, 80000.00, NULL, 'AVAILABLE'),
(602, 12, 62, 80000.00, NULL, 'AVAILABLE'),
(603, 12, 63, 80000.00, NULL, 'AVAILABLE'),
(604, 12, 64, 80000.00, NULL, 'AVAILABLE'),
(605, 12, 65, 80000.00, NULL, 'AVAILABLE'),
(606, 12, 66, 80000.00, NULL, 'AVAILABLE'),
(607, 12, 67, 80000.00, NULL, 'AVAILABLE'),
(608, 12, 68, 80000.00, NULL, 'AVAILABLE'),
(609, 12, 69, 80000.00, NULL, 'AVAILABLE'),
(610, 12, 70, 80000.00, NULL, 'AVAILABLE'),
(611, 12, 71, 80000.00, NULL, 'AVAILABLE'),
(612, 12, 72, 80000.00, NULL, 'AVAILABLE'),
(613, 12, 73, 80000.00, NULL, 'AVAILABLE'),
(614, 12, 74, 80000.00, NULL, 'AVAILABLE'),
(615, 12, 75, 80000.00, NULL, 'AVAILABLE'),
(616, 12, 76, 80000.00, NULL, 'AVAILABLE'),
(617, 12, 77, 80000.00, NULL, 'AVAILABLE'),
(618, 12, 78, 80000.00, NULL, 'AVAILABLE'),
(619, 12, 79, 80000.00, NULL, 'AVAILABLE'),
(620, 12, 80, 80000.00, NULL, 'AVAILABLE'),
(621, 12, 81, 80000.00, NULL, 'AVAILABLE'),
(622, 12, 82, 80000.00, NULL, 'AVAILABLE'),
(623, 12, 83, 80000.00, NULL, 'AVAILABLE'),
(624, 12, 84, 80000.00, NULL, 'AVAILABLE'),
(625, 12, 85, 80000.00, NULL, 'AVAILABLE'),
(626, 12, 86, 80000.00, NULL, 'AVAILABLE'),
(627, 12, 87, 80000.00, NULL, 'AVAILABLE'),
(628, 12, 88, 80000.00, NULL, 'AVAILABLE'),
(629, 12, 89, 80000.00, NULL, 'AVAILABLE'),
(630, 12, 90, 80000.00, NULL, 'AVAILABLE'),
(631, 12, 91, 80000.00, NULL, 'AVAILABLE'),
(632, 12, 92, 80000.00, NULL, 'AVAILABLE'),
(633, 12, 93, 80000.00, NULL, 'AVAILABLE'),
(634, 12, 94, 80000.00, NULL, 'AVAILABLE'),
(635, 12, 95, 80000.00, NULL, 'AVAILABLE'),
(636, 12, 96, 80000.00, NULL, 'AVAILABLE'),
(637, 12, 97, 80000.00, NULL, 'AVAILABLE'),
(638, 12, 98, 80000.00, NULL, 'AVAILABLE'),
(639, 12, 99, 80000.00, NULL, 'AVAILABLE'),
(640, 12, 100, 80000.00, NULL, 'AVAILABLE'),
(641, 12, 101, 80000.00, NULL, 'AVAILABLE'),
(642, 12, 102, 80000.00, NULL, 'AVAILABLE'),
(643, 12, 103, 80000.00, NULL, 'AVAILABLE'),
(644, 12, 104, 80000.00, NULL, 'AVAILABLE'),
(645, 12, 105, 80000.00, NULL, 'AVAILABLE'),
(646, 12, 106, 80000.00, NULL, 'AVAILABLE'),
(647, 12, 107, 80000.00, NULL, 'AVAILABLE'),
(648, 12, 108, 80000.00, NULL, 'AVAILABLE'),
(649, 12, 109, 80000.00, NULL, 'AVAILABLE'),
(650, 12, 110, 80000.00, NULL, 'AVAILABLE'),
(651, 12, 111, 80000.00, NULL, 'AVAILABLE'),
(652, 12, 112, 80000.00, NULL, 'AVAILABLE'),
(653, 12, 113, 80000.00, NULL, 'AVAILABLE'),
(654, 12, 114, 80000.00, NULL, 'AVAILABLE'),
(655, 12, 115, 80000.00, NULL, 'AVAILABLE'),
(656, 12, 116, 80000.00, NULL, 'AVAILABLE'),
(657, 12, 117, 80000.00, NULL, 'AVAILABLE'),
(658, 12, 118, 80000.00, NULL, 'AVAILABLE'),
(659, 12, 119, 80000.00, NULL, 'AVAILABLE'),
(660, 12, 120, 80000.00, NULL, 'AVAILABLE'),
(661, 12, 121, 80000.00, NULL, 'AVAILABLE'),
(662, 12, 122, 80000.00, NULL, 'AVAILABLE'),
(663, 12, 123, 80000.00, NULL, 'AVAILABLE'),
(664, 12, 124, 80000.00, NULL, 'AVAILABLE'),
(665, 12, 125, 80000.00, NULL, 'AVAILABLE'),
(666, 12, 126, 80000.00, NULL, 'AVAILABLE'),
(667, 12, 127, 80000.00, NULL, 'AVAILABLE'),
(668, 12, 128, 80000.00, NULL, 'AVAILABLE'),
(669, 12, 129, 80000.00, NULL, 'AVAILABLE'),
(670, 12, 130, 80000.00, NULL, 'AVAILABLE'),
(671, 12, 131, 80000.00, NULL, 'AVAILABLE'),
(672, 12, 132, 80000.00, NULL, 'AVAILABLE'),
(673, 12, 133, 80000.00, NULL, 'AVAILABLE'),
(674, 12, 134, 80000.00, NULL, 'AVAILABLE'),
(675, 12, 135, 80000.00, NULL, 'AVAILABLE'),
(676, 12, 136, 80000.00, NULL, 'AVAILABLE'),
(677, 12, 137, 80000.00, NULL, 'AVAILABLE'),
(678, 12, 138, 80000.00, NULL, 'AVAILABLE'),
(679, 12, 139, 80000.00, NULL, 'AVAILABLE'),
(680, 12, 140, 80000.00, NULL, 'AVAILABLE'),
(681, 12, 141, 80000.00, NULL, 'AVAILABLE'),
(682, 12, 142, 80000.00, NULL, 'AVAILABLE'),
(683, 12, 143, 80000.00, NULL, 'AVAILABLE'),
(684, 12, 144, 80000.00, NULL, 'AVAILABLE'),
(685, 12, 145, 80000.00, NULL, 'AVAILABLE'),
(686, 12, 146, 80000.00, NULL, 'AVAILABLE'),
(687, 12, 147, 80000.00, NULL, 'AVAILABLE'),
(688, 12, 148, 80000.00, NULL, 'AVAILABLE'),
(689, 12, 149, 80000.00, NULL, 'AVAILABLE'),
(690, 12, 150, 80000.00, NULL, 'AVAILABLE'),
(691, 12, 151, 80000.00, NULL, 'AVAILABLE'),
(692, 12, 152, 80000.00, NULL, 'AVAILABLE'),
(693, 12, 153, 80000.00, NULL, 'AVAILABLE'),
(694, 12, 154, 80000.00, NULL, 'AVAILABLE'),
(695, 12, 155, 80000.00, NULL, 'AVAILABLE'),
(696, 12, 156, 80000.00, NULL, 'AVAILABLE'),
(697, 12, 157, 80000.00, NULL, 'AVAILABLE'),
(698, 12, 158, 80000.00, NULL, 'AVAILABLE'),
(699, 12, 159, 80000.00, NULL, 'AVAILABLE'),
(700, 12, 160, 80000.00, NULL, 'AVAILABLE'),
(701, 12, 161, 80000.00, NULL, 'AVAILABLE'),
(702, 12, 162, 80000.00, NULL, 'AVAILABLE'),
(703, 12, 163, 80000.00, NULL, 'AVAILABLE'),
(704, 12, 164, 80000.00, NULL, 'AVAILABLE'),
(705, 12, 165, 80000.00, NULL, 'AVAILABLE'),
(706, 12, 166, 80000.00, NULL, 'AVAILABLE'),
(707, 12, 167, 80000.00, NULL, 'AVAILABLE'),
(708, 12, 168, 80000.00, NULL, 'AVAILABLE'),
(709, 12, 169, 80000.00, NULL, 'AVAILABLE'),
(710, 12, 170, 80000.00, NULL, 'AVAILABLE'),
(711, 12, 171, 80000.00, NULL, 'AVAILABLE'),
(712, 12, 172, 80000.00, NULL, 'AVAILABLE'),
(713, 12, 173, 80000.00, NULL, 'AVAILABLE'),
(714, 12, 174, 80000.00, NULL, 'AVAILABLE'),
(715, 12, 175, 80000.00, NULL, 'AVAILABLE'),
(716, 12, 176, 80000.00, NULL, 'AVAILABLE'),
(717, 12, 177, 80000.00, NULL, 'AVAILABLE'),
(718, 12, 178, 80000.00, NULL, 'AVAILABLE'),
(719, 12, 179, 80000.00, NULL, 'AVAILABLE'),
(720, 12, 180, 80000.00, NULL, 'AVAILABLE'),
(721, 13, 1, 80000.00, NULL, 'AVAILABLE'),
(722, 13, 2, 80000.00, NULL, 'AVAILABLE'),
(723, 13, 3, 80000.00, NULL, 'AVAILABLE'),
(724, 13, 4, 80000.00, NULL, 'AVAILABLE'),
(725, 13, 5, 80000.00, NULL, 'AVAILABLE'),
(726, 13, 6, 80000.00, NULL, 'AVAILABLE'),
(727, 13, 7, 80000.00, NULL, 'AVAILABLE'),
(728, 13, 8, 80000.00, NULL, 'AVAILABLE'),
(729, 13, 9, 80000.00, NULL, 'AVAILABLE'),
(730, 13, 10, 80000.00, NULL, 'AVAILABLE'),
(731, 13, 11, 80000.00, NULL, 'AVAILABLE'),
(732, 13, 12, 80000.00, NULL, 'AVAILABLE'),
(733, 13, 13, 80000.00, NULL, 'AVAILABLE'),
(734, 13, 14, 80000.00, NULL, 'AVAILABLE'),
(735, 13, 15, 80000.00, NULL, 'AVAILABLE'),
(736, 13, 16, 80000.00, NULL, 'AVAILABLE'),
(737, 13, 17, 80000.00, NULL, 'AVAILABLE'),
(738, 13, 18, 80000.00, NULL, 'AVAILABLE'),
(739, 13, 19, 80000.00, NULL, 'AVAILABLE'),
(740, 13, 20, 80000.00, NULL, 'AVAILABLE'),
(741, 13, 21, 80000.00, NULL, 'AVAILABLE'),
(742, 13, 22, 80000.00, NULL, 'AVAILABLE'),
(743, 13, 23, 80000.00, NULL, 'AVAILABLE'),
(744, 13, 24, 80000.00, NULL, 'AVAILABLE'),
(745, 13, 25, 80000.00, NULL, 'AVAILABLE'),
(746, 13, 26, 80000.00, NULL, 'AVAILABLE'),
(747, 13, 27, 80000.00, NULL, 'AVAILABLE'),
(748, 13, 28, 80000.00, NULL, 'AVAILABLE'),
(749, 13, 29, 80000.00, NULL, 'AVAILABLE'),
(750, 13, 30, 80000.00, NULL, 'AVAILABLE'),
(751, 13, 31, 80000.00, NULL, 'AVAILABLE'),
(752, 13, 32, 80000.00, NULL, 'AVAILABLE'),
(753, 13, 33, 80000.00, NULL, 'AVAILABLE'),
(754, 13, 34, 80000.00, NULL, 'AVAILABLE'),
(755, 13, 35, 80000.00, NULL, 'AVAILABLE'),
(756, 13, 36, 80000.00, NULL, 'AVAILABLE'),
(757, 13, 37, 80000.00, NULL, 'AVAILABLE'),
(758, 13, 38, 80000.00, NULL, 'AVAILABLE'),
(759, 13, 39, 80000.00, NULL, 'AVAILABLE'),
(760, 13, 40, 80000.00, NULL, 'AVAILABLE'),
(761, 13, 41, 80000.00, NULL, 'AVAILABLE'),
(762, 13, 42, 80000.00, NULL, 'AVAILABLE'),
(763, 13, 43, 80000.00, NULL, 'AVAILABLE'),
(764, 13, 44, 80000.00, NULL, 'AVAILABLE'),
(765, 13, 45, 80000.00, NULL, 'AVAILABLE'),
(766, 13, 46, 80000.00, NULL, 'AVAILABLE'),
(767, 13, 47, 80000.00, NULL, 'AVAILABLE'),
(768, 13, 48, 80000.00, NULL, 'AVAILABLE'),
(769, 13, 49, 80000.00, NULL, 'AVAILABLE'),
(770, 13, 50, 80000.00, NULL, 'AVAILABLE'),
(771, 13, 51, 80000.00, NULL, 'AVAILABLE'),
(772, 13, 52, 80000.00, NULL, 'AVAILABLE'),
(773, 13, 53, 80000.00, NULL, 'AVAILABLE'),
(774, 13, 54, 80000.00, NULL, 'AVAILABLE'),
(775, 13, 55, 80000.00, NULL, 'AVAILABLE'),
(776, 13, 56, 80000.00, NULL, 'AVAILABLE'),
(777, 13, 57, 80000.00, NULL, 'AVAILABLE'),
(778, 13, 58, 80000.00, NULL, 'AVAILABLE'),
(779, 13, 59, 80000.00, NULL, 'AVAILABLE'),
(780, 13, 60, 80000.00, NULL, 'AVAILABLE'),
(781, 13, 61, 80000.00, NULL, 'AVAILABLE'),
(782, 13, 62, 80000.00, NULL, 'AVAILABLE'),
(783, 13, 63, 80000.00, NULL, 'AVAILABLE'),
(784, 13, 64, 80000.00, NULL, 'AVAILABLE'),
(785, 13, 65, 80000.00, NULL, 'AVAILABLE'),
(786, 13, 66, 80000.00, NULL, 'AVAILABLE'),
(787, 13, 67, 80000.00, NULL, 'AVAILABLE'),
(788, 13, 68, 80000.00, NULL, 'AVAILABLE'),
(789, 13, 69, 80000.00, NULL, 'AVAILABLE'),
(790, 13, 70, 80000.00, NULL, 'AVAILABLE'),
(791, 13, 71, 80000.00, NULL, 'AVAILABLE'),
(792, 13, 72, 80000.00, NULL, 'AVAILABLE'),
(793, 13, 73, 80000.00, NULL, 'AVAILABLE'),
(794, 13, 74, 80000.00, NULL, 'AVAILABLE'),
(795, 13, 75, 80000.00, NULL, 'AVAILABLE'),
(796, 13, 76, 80000.00, NULL, 'AVAILABLE'),
(797, 13, 77, 80000.00, NULL, 'AVAILABLE'),
(798, 13, 78, 80000.00, NULL, 'AVAILABLE'),
(799, 13, 79, 80000.00, NULL, 'AVAILABLE'),
(800, 13, 80, 80000.00, NULL, 'AVAILABLE'),
(801, 13, 81, 80000.00, NULL, 'AVAILABLE'),
(802, 13, 82, 80000.00, NULL, 'AVAILABLE'),
(803, 13, 83, 80000.00, NULL, 'AVAILABLE'),
(804, 13, 84, 80000.00, NULL, 'AVAILABLE'),
(805, 13, 85, 80000.00, NULL, 'AVAILABLE'),
(806, 13, 86, 80000.00, NULL, 'AVAILABLE'),
(807, 13, 87, 80000.00, NULL, 'AVAILABLE'),
(808, 13, 88, 80000.00, NULL, 'AVAILABLE'),
(809, 13, 89, 80000.00, NULL, 'AVAILABLE'),
(810, 13, 90, 80000.00, NULL, 'AVAILABLE'),
(811, 13, 91, 80000.00, NULL, 'AVAILABLE'),
(812, 13, 92, 80000.00, NULL, 'AVAILABLE'),
(813, 13, 93, 80000.00, NULL, 'AVAILABLE'),
(814, 13, 94, 80000.00, NULL, 'AVAILABLE'),
(815, 13, 95, 80000.00, NULL, 'AVAILABLE'),
(816, 13, 96, 80000.00, NULL, 'AVAILABLE'),
(817, 13, 97, 80000.00, NULL, 'AVAILABLE'),
(818, 13, 98, 80000.00, NULL, 'AVAILABLE'),
(819, 13, 99, 80000.00, NULL, 'AVAILABLE'),
(820, 13, 100, 80000.00, NULL, 'AVAILABLE'),
(821, 13, 101, 80000.00, NULL, 'AVAILABLE'),
(822, 13, 102, 80000.00, NULL, 'AVAILABLE'),
(823, 13, 103, 80000.00, NULL, 'AVAILABLE'),
(824, 13, 104, 80000.00, NULL, 'AVAILABLE'),
(825, 13, 105, 80000.00, NULL, 'AVAILABLE'),
(826, 13, 106, 80000.00, NULL, 'AVAILABLE'),
(827, 13, 107, 80000.00, NULL, 'AVAILABLE'),
(828, 13, 108, 80000.00, NULL, 'AVAILABLE'),
(829, 13, 109, 80000.00, NULL, 'AVAILABLE'),
(830, 13, 110, 80000.00, NULL, 'AVAILABLE'),
(831, 13, 111, 80000.00, NULL, 'AVAILABLE'),
(832, 13, 112, 80000.00, NULL, 'AVAILABLE'),
(833, 13, 113, 80000.00, NULL, 'AVAILABLE'),
(834, 13, 114, 80000.00, NULL, 'AVAILABLE'),
(835, 13, 115, 80000.00, NULL, 'AVAILABLE'),
(836, 13, 116, 80000.00, NULL, 'AVAILABLE'),
(837, 13, 117, 80000.00, NULL, 'AVAILABLE'),
(838, 13, 118, 80000.00, NULL, 'AVAILABLE'),
(839, 13, 119, 80000.00, NULL, 'AVAILABLE'),
(840, 13, 120, 80000.00, NULL, 'AVAILABLE'),
(841, 13, 121, 80000.00, NULL, 'AVAILABLE'),
(842, 13, 122, 80000.00, NULL, 'AVAILABLE'),
(843, 13, 123, 80000.00, NULL, 'AVAILABLE'),
(844, 13, 124, 80000.00, NULL, 'AVAILABLE'),
(845, 13, 125, 80000.00, NULL, 'AVAILABLE'),
(846, 13, 126, 80000.00, NULL, 'AVAILABLE'),
(847, 13, 127, 80000.00, NULL, 'AVAILABLE'),
(848, 13, 128, 80000.00, NULL, 'AVAILABLE'),
(849, 13, 129, 80000.00, NULL, 'AVAILABLE'),
(850, 13, 130, 80000.00, NULL, 'AVAILABLE'),
(851, 13, 131, 80000.00, NULL, 'AVAILABLE'),
(852, 13, 132, 80000.00, NULL, 'AVAILABLE'),
(853, 13, 133, 80000.00, NULL, 'AVAILABLE'),
(854, 13, 134, 80000.00, NULL, 'AVAILABLE'),
(855, 13, 135, 80000.00, NULL, 'AVAILABLE'),
(856, 13, 136, 80000.00, NULL, 'AVAILABLE'),
(857, 13, 137, 80000.00, NULL, 'AVAILABLE'),
(858, 13, 138, 80000.00, NULL, 'AVAILABLE'),
(859, 13, 139, 80000.00, NULL, 'AVAILABLE'),
(860, 13, 140, 80000.00, NULL, 'AVAILABLE'),
(861, 13, 141, 80000.00, NULL, 'AVAILABLE'),
(862, 13, 142, 80000.00, NULL, 'AVAILABLE'),
(863, 13, 143, 80000.00, NULL, 'AVAILABLE'),
(864, 13, 144, 80000.00, NULL, 'AVAILABLE'),
(865, 13, 145, 80000.00, NULL, 'AVAILABLE'),
(866, 13, 146, 80000.00, NULL, 'AVAILABLE'),
(867, 13, 147, 80000.00, NULL, 'AVAILABLE'),
(868, 13, 148, 80000.00, NULL, 'AVAILABLE'),
(869, 13, 149, 80000.00, NULL, 'AVAILABLE'),
(870, 13, 150, 80000.00, NULL, 'AVAILABLE'),
(871, 13, 151, 80000.00, NULL, 'AVAILABLE'),
(872, 13, 152, 80000.00, NULL, 'AVAILABLE'),
(873, 13, 153, 80000.00, NULL, 'AVAILABLE'),
(874, 13, 154, 80000.00, NULL, 'AVAILABLE'),
(875, 13, 155, 80000.00, NULL, 'AVAILABLE'),
(876, 13, 156, 80000.00, NULL, 'AVAILABLE'),
(877, 13, 157, 80000.00, NULL, 'AVAILABLE'),
(878, 13, 158, 80000.00, NULL, 'AVAILABLE'),
(879, 13, 159, 80000.00, NULL, 'AVAILABLE'),
(880, 13, 160, 80000.00, NULL, 'AVAILABLE'),
(881, 13, 161, 80000.00, NULL, 'AVAILABLE'),
(882, 13, 162, 80000.00, NULL, 'AVAILABLE'),
(883, 13, 163, 80000.00, NULL, 'AVAILABLE'),
(884, 13, 164, 80000.00, NULL, 'AVAILABLE'),
(885, 13, 165, 80000.00, NULL, 'AVAILABLE'),
(886, 13, 166, 80000.00, NULL, 'AVAILABLE'),
(887, 13, 167, 80000.00, NULL, 'AVAILABLE'),
(888, 13, 168, 80000.00, NULL, 'AVAILABLE'),
(889, 13, 169, 80000.00, NULL, 'AVAILABLE'),
(890, 13, 170, 80000.00, NULL, 'AVAILABLE'),
(891, 13, 171, 80000.00, NULL, 'AVAILABLE'),
(892, 13, 172, 80000.00, NULL, 'AVAILABLE'),
(893, 13, 173, 80000.00, NULL, 'AVAILABLE'),
(894, 13, 174, 80000.00, NULL, 'AVAILABLE'),
(895, 13, 175, 80000.00, NULL, 'AVAILABLE'),
(896, 13, 176, 80000.00, NULL, 'AVAILABLE'),
(897, 13, 177, 80000.00, NULL, 'AVAILABLE'),
(898, 13, 178, 80000.00, NULL, 'AVAILABLE'),
(899, 13, 179, 80000.00, NULL, 'AVAILABLE'),
(900, 13, 180, 80000.00, NULL, 'AVAILABLE'),
(901, 14, 1, 80000.00, NULL, 'AVAILABLE'),
(902, 14, 2, 80000.00, NULL, 'AVAILABLE'),
(903, 14, 3, 80000.00, NULL, 'AVAILABLE'),
(904, 14, 4, 80000.00, NULL, 'AVAILABLE'),
(905, 14, 5, 80000.00, NULL, 'AVAILABLE'),
(906, 14, 6, 80000.00, NULL, 'AVAILABLE'),
(907, 14, 7, 80000.00, NULL, 'AVAILABLE'),
(908, 14, 8, 80000.00, NULL, 'AVAILABLE'),
(909, 14, 9, 80000.00, NULL, 'AVAILABLE'),
(910, 14, 10, 80000.00, NULL, 'AVAILABLE'),
(911, 14, 11, 80000.00, NULL, 'AVAILABLE'),
(912, 14, 12, 80000.00, NULL, 'AVAILABLE'),
(913, 14, 13, 80000.00, NULL, 'AVAILABLE'),
(914, 14, 14, 80000.00, NULL, 'AVAILABLE'),
(915, 14, 15, 80000.00, NULL, 'AVAILABLE'),
(916, 14, 16, 80000.00, NULL, 'AVAILABLE'),
(917, 14, 17, 80000.00, NULL, 'AVAILABLE'),
(918, 14, 18, 80000.00, NULL, 'AVAILABLE'),
(919, 14, 19, 80000.00, NULL, 'AVAILABLE'),
(920, 14, 20, 80000.00, NULL, 'AVAILABLE'),
(921, 14, 21, 80000.00, NULL, 'AVAILABLE'),
(922, 14, 22, 80000.00, NULL, 'AVAILABLE'),
(923, 14, 23, 80000.00, NULL, 'AVAILABLE'),
(924, 14, 24, 80000.00, NULL, 'AVAILABLE'),
(925, 14, 25, 80000.00, NULL, 'AVAILABLE'),
(926, 14, 26, 80000.00, NULL, 'AVAILABLE'),
(927, 14, 27, 80000.00, NULL, 'AVAILABLE'),
(928, 14, 28, 80000.00, NULL, 'AVAILABLE'),
(929, 14, 29, 80000.00, NULL, 'AVAILABLE'),
(930, 14, 30, 80000.00, NULL, 'AVAILABLE'),
(931, 14, 31, 80000.00, NULL, 'AVAILABLE'),
(932, 14, 32, 80000.00, NULL, 'AVAILABLE'),
(933, 14, 33, 80000.00, NULL, 'AVAILABLE'),
(934, 14, 34, 80000.00, NULL, 'AVAILABLE'),
(935, 14, 35, 80000.00, NULL, 'AVAILABLE'),
(936, 14, 36, 80000.00, NULL, 'AVAILABLE'),
(937, 14, 37, 80000.00, NULL, 'AVAILABLE'),
(938, 14, 38, 80000.00, NULL, 'AVAILABLE'),
(939, 14, 39, 80000.00, NULL, 'AVAILABLE'),
(940, 14, 40, 80000.00, NULL, 'AVAILABLE'),
(941, 14, 41, 80000.00, NULL, 'AVAILABLE'),
(942, 14, 42, 80000.00, NULL, 'AVAILABLE'),
(943, 14, 43, 80000.00, NULL, 'AVAILABLE'),
(944, 14, 44, 80000.00, NULL, 'AVAILABLE'),
(945, 14, 45, 80000.00, NULL, 'AVAILABLE'),
(946, 14, 46, 80000.00, NULL, 'AVAILABLE'),
(947, 14, 47, 80000.00, NULL, 'AVAILABLE'),
(948, 14, 48, 80000.00, NULL, 'AVAILABLE'),
(949, 14, 49, 80000.00, NULL, 'AVAILABLE'),
(950, 14, 50, 80000.00, NULL, 'AVAILABLE'),
(951, 14, 51, 80000.00, NULL, 'AVAILABLE'),
(952, 14, 52, 80000.00, NULL, 'AVAILABLE'),
(953, 14, 53, 80000.00, NULL, 'AVAILABLE'),
(954, 14, 54, 80000.00, NULL, 'AVAILABLE'),
(955, 14, 55, 80000.00, NULL, 'AVAILABLE'),
(956, 14, 56, 80000.00, NULL, 'AVAILABLE'),
(957, 14, 57, 80000.00, NULL, 'AVAILABLE'),
(958, 14, 58, 80000.00, NULL, 'AVAILABLE'),
(959, 14, 59, 80000.00, NULL, 'AVAILABLE'),
(960, 14, 60, 80000.00, NULL, 'AVAILABLE'),
(961, 14, 61, 80000.00, NULL, 'AVAILABLE'),
(962, 14, 62, 80000.00, NULL, 'AVAILABLE'),
(963, 14, 63, 80000.00, NULL, 'AVAILABLE'),
(964, 14, 64, 80000.00, NULL, 'AVAILABLE'),
(965, 14, 65, 80000.00, NULL, 'AVAILABLE'),
(966, 14, 66, 80000.00, NULL, 'AVAILABLE'),
(967, 14, 67, 80000.00, NULL, 'AVAILABLE'),
(968, 14, 68, 80000.00, NULL, 'AVAILABLE'),
(969, 14, 69, 80000.00, NULL, 'AVAILABLE'),
(970, 14, 70, 80000.00, NULL, 'AVAILABLE'),
(971, 14, 71, 80000.00, NULL, 'AVAILABLE'),
(972, 14, 72, 80000.00, NULL, 'AVAILABLE'),
(973, 14, 73, 80000.00, NULL, 'AVAILABLE'),
(974, 14, 74, 80000.00, NULL, 'AVAILABLE'),
(975, 14, 75, 80000.00, NULL, 'AVAILABLE'),
(976, 14, 76, 80000.00, NULL, 'AVAILABLE'),
(977, 14, 77, 80000.00, NULL, 'AVAILABLE'),
(978, 14, 78, 80000.00, NULL, 'AVAILABLE'),
(979, 14, 79, 80000.00, NULL, 'AVAILABLE'),
(980, 14, 80, 80000.00, NULL, 'AVAILABLE'),
(981, 14, 81, 80000.00, NULL, 'AVAILABLE'),
(982, 14, 82, 80000.00, NULL, 'AVAILABLE'),
(983, 14, 83, 80000.00, NULL, 'AVAILABLE'),
(984, 14, 84, 80000.00, NULL, 'AVAILABLE'),
(985, 14, 85, 80000.00, NULL, 'AVAILABLE'),
(986, 14, 86, 80000.00, NULL, 'AVAILABLE'),
(987, 14, 87, 80000.00, NULL, 'AVAILABLE'),
(988, 14, 88, 80000.00, NULL, 'AVAILABLE'),
(989, 14, 89, 80000.00, NULL, 'AVAILABLE'),
(990, 14, 90, 80000.00, NULL, 'AVAILABLE'),
(991, 14, 91, 80000.00, NULL, 'AVAILABLE'),
(992, 14, 92, 80000.00, NULL, 'AVAILABLE'),
(993, 14, 93, 80000.00, NULL, 'AVAILABLE'),
(994, 14, 94, 80000.00, NULL, 'AVAILABLE'),
(995, 14, 95, 80000.00, NULL, 'AVAILABLE'),
(996, 14, 96, 80000.00, NULL, 'AVAILABLE'),
(997, 14, 97, 80000.00, NULL, 'AVAILABLE'),
(998, 14, 98, 80000.00, NULL, 'AVAILABLE'),
(999, 14, 99, 80000.00, NULL, 'AVAILABLE'),
(1000, 14, 100, 80000.00, NULL, 'AVAILABLE'),
(1001, 14, 101, 80000.00, NULL, 'AVAILABLE'),
(1002, 14, 102, 80000.00, NULL, 'AVAILABLE'),
(1003, 14, 103, 80000.00, NULL, 'AVAILABLE'),
(1004, 14, 104, 80000.00, NULL, 'AVAILABLE'),
(1005, 14, 105, 80000.00, NULL, 'AVAILABLE'),
(1006, 14, 106, 80000.00, NULL, 'AVAILABLE'),
(1007, 14, 107, 80000.00, NULL, 'AVAILABLE'),
(1008, 14, 108, 80000.00, NULL, 'AVAILABLE'),
(1009, 14, 109, 80000.00, NULL, 'AVAILABLE'),
(1010, 14, 110, 80000.00, NULL, 'AVAILABLE'),
(1011, 14, 111, 80000.00, NULL, 'AVAILABLE'),
(1012, 14, 112, 80000.00, NULL, 'AVAILABLE'),
(1013, 14, 113, 80000.00, NULL, 'AVAILABLE'),
(1014, 14, 114, 80000.00, NULL, 'AVAILABLE'),
(1015, 14, 115, 80000.00, NULL, 'AVAILABLE'),
(1016, 14, 116, 80000.00, NULL, 'AVAILABLE'),
(1017, 14, 117, 80000.00, NULL, 'AVAILABLE'),
(1018, 14, 118, 80000.00, NULL, 'AVAILABLE'),
(1019, 14, 119, 80000.00, NULL, 'AVAILABLE'),
(1020, 14, 120, 80000.00, NULL, 'AVAILABLE'),
(1021, 14, 121, 80000.00, NULL, 'AVAILABLE'),
(1022, 14, 122, 80000.00, NULL, 'AVAILABLE'),
(1023, 14, 123, 80000.00, NULL, 'AVAILABLE'),
(1024, 14, 124, 80000.00, NULL, 'AVAILABLE'),
(1025, 14, 125, 80000.00, NULL, 'AVAILABLE'),
(1026, 14, 126, 80000.00, NULL, 'AVAILABLE'),
(1027, 14, 127, 80000.00, NULL, 'AVAILABLE'),
(1028, 14, 128, 80000.00, NULL, 'AVAILABLE'),
(1029, 14, 129, 80000.00, NULL, 'AVAILABLE'),
(1030, 14, 130, 80000.00, NULL, 'AVAILABLE'),
(1031, 14, 131, 80000.00, NULL, 'AVAILABLE'),
(1032, 14, 132, 80000.00, NULL, 'AVAILABLE'),
(1033, 14, 133, 80000.00, NULL, 'AVAILABLE'),
(1034, 14, 134, 80000.00, NULL, 'AVAILABLE'),
(1035, 14, 135, 80000.00, NULL, 'AVAILABLE'),
(1036, 14, 136, 80000.00, NULL, 'AVAILABLE'),
(1037, 14, 137, 80000.00, NULL, 'AVAILABLE'),
(1038, 14, 138, 80000.00, NULL, 'AVAILABLE'),
(1039, 14, 139, 80000.00, NULL, 'AVAILABLE'),
(1040, 14, 140, 80000.00, NULL, 'AVAILABLE'),
(1041, 14, 141, 80000.00, NULL, 'AVAILABLE'),
(1042, 14, 142, 80000.00, NULL, 'AVAILABLE'),
(1043, 14, 143, 80000.00, NULL, 'AVAILABLE'),
(1044, 14, 144, 80000.00, NULL, 'AVAILABLE'),
(1045, 14, 145, 80000.00, NULL, 'AVAILABLE'),
(1046, 14, 146, 80000.00, NULL, 'AVAILABLE'),
(1047, 14, 147, 80000.00, NULL, 'AVAILABLE'),
(1048, 14, 148, 80000.00, NULL, 'AVAILABLE'),
(1049, 14, 149, 80000.00, NULL, 'AVAILABLE'),
(1050, 14, 150, 80000.00, NULL, 'AVAILABLE'),
(1051, 14, 151, 80000.00, NULL, 'AVAILABLE'),
(1052, 14, 152, 80000.00, NULL, 'AVAILABLE'),
(1053, 14, 153, 80000.00, NULL, 'AVAILABLE'),
(1054, 14, 154, 80000.00, NULL, 'AVAILABLE'),
(1055, 14, 155, 80000.00, NULL, 'AVAILABLE'),
(1056, 14, 156, 80000.00, NULL, 'AVAILABLE'),
(1057, 14, 157, 80000.00, NULL, 'AVAILABLE'),
(1058, 14, 158, 80000.00, NULL, 'AVAILABLE'),
(1059, 14, 159, 80000.00, NULL, 'AVAILABLE'),
(1060, 14, 160, 80000.00, NULL, 'AVAILABLE'),
(1061, 14, 161, 80000.00, NULL, 'AVAILABLE'),
(1062, 14, 162, 80000.00, NULL, 'AVAILABLE'),
(1063, 14, 163, 80000.00, NULL, 'AVAILABLE'),
(1064, 14, 164, 80000.00, NULL, 'AVAILABLE'),
(1065, 14, 165, 80000.00, NULL, 'AVAILABLE'),
(1066, 14, 166, 80000.00, NULL, 'AVAILABLE'),
(1067, 14, 167, 80000.00, NULL, 'AVAILABLE'),
(1068, 14, 168, 80000.00, NULL, 'AVAILABLE'),
(1069, 14, 169, 80000.00, NULL, 'AVAILABLE'),
(1070, 14, 170, 80000.00, NULL, 'AVAILABLE'),
(1071, 14, 171, 80000.00, NULL, 'AVAILABLE'),
(1072, 14, 172, 80000.00, NULL, 'AVAILABLE'),
(1073, 14, 173, 80000.00, NULL, 'AVAILABLE'),
(1074, 14, 174, 80000.00, NULL, 'AVAILABLE'),
(1075, 14, 175, 80000.00, NULL, 'AVAILABLE'),
(1076, 14, 176, 80000.00, NULL, 'AVAILABLE'),
(1077, 14, 177, 80000.00, NULL, 'AVAILABLE'),
(1078, 14, 178, 80000.00, NULL, 'AVAILABLE'),
(1079, 14, 179, 80000.00, NULL, 'AVAILABLE'),
(1080, 14, 180, 80000.00, NULL, 'AVAILABLE'),
(1081, 15, 1, 80000.00, NULL, 'AVAILABLE'),
(1082, 15, 2, 80000.00, NULL, 'AVAILABLE'),
(1083, 15, 3, 80000.00, NULL, 'AVAILABLE'),
(1084, 15, 4, 80000.00, NULL, 'AVAILABLE'),
(1085, 15, 5, 80000.00, NULL, 'AVAILABLE'),
(1086, 15, 6, 80000.00, NULL, 'AVAILABLE'),
(1087, 15, 7, 80000.00, NULL, 'AVAILABLE'),
(1088, 15, 8, 80000.00, NULL, 'AVAILABLE'),
(1089, 15, 9, 80000.00, NULL, 'AVAILABLE'),
(1090, 15, 10, 80000.00, NULL, 'AVAILABLE'),
(1091, 15, 11, 80000.00, NULL, 'AVAILABLE'),
(1092, 15, 12, 80000.00, NULL, 'AVAILABLE'),
(1093, 15, 13, 80000.00, NULL, 'AVAILABLE'),
(1094, 15, 14, 80000.00, NULL, 'AVAILABLE'),
(1095, 15, 15, 80000.00, NULL, 'AVAILABLE'),
(1096, 15, 16, 80000.00, NULL, 'AVAILABLE'),
(1097, 15, 17, 80000.00, NULL, 'AVAILABLE'),
(1098, 15, 18, 80000.00, NULL, 'AVAILABLE'),
(1099, 15, 19, 80000.00, NULL, 'AVAILABLE'),
(1100, 15, 20, 80000.00, NULL, 'AVAILABLE'),
(1101, 15, 21, 80000.00, NULL, 'AVAILABLE'),
(1102, 15, 22, 80000.00, NULL, 'AVAILABLE'),
(1103, 15, 23, 80000.00, NULL, 'AVAILABLE'),
(1104, 15, 24, 80000.00, NULL, 'AVAILABLE'),
(1105, 15, 25, 80000.00, NULL, 'AVAILABLE'),
(1106, 15, 26, 80000.00, NULL, 'AVAILABLE'),
(1107, 15, 27, 80000.00, NULL, 'AVAILABLE'),
(1108, 15, 28, 80000.00, NULL, 'AVAILABLE'),
(1109, 15, 29, 80000.00, NULL, 'AVAILABLE'),
(1110, 15, 30, 80000.00, NULL, 'AVAILABLE'),
(1111, 15, 31, 80000.00, NULL, 'AVAILABLE'),
(1112, 15, 32, 80000.00, NULL, 'AVAILABLE'),
(1113, 15, 33, 80000.00, NULL, 'AVAILABLE'),
(1114, 15, 34, 80000.00, NULL, 'AVAILABLE'),
(1115, 15, 35, 80000.00, NULL, 'AVAILABLE'),
(1116, 15, 36, 80000.00, NULL, 'AVAILABLE'),
(1117, 15, 37, 80000.00, NULL, 'AVAILABLE'),
(1118, 15, 38, 80000.00, NULL, 'AVAILABLE'),
(1119, 15, 39, 80000.00, NULL, 'AVAILABLE'),
(1120, 15, 40, 80000.00, NULL, 'AVAILABLE'),
(1121, 15, 41, 80000.00, NULL, 'AVAILABLE'),
(1122, 15, 42, 80000.00, NULL, 'AVAILABLE'),
(1123, 15, 43, 80000.00, NULL, 'AVAILABLE'),
(1124, 15, 44, 80000.00, NULL, 'AVAILABLE'),
(1125, 15, 45, 80000.00, NULL, 'AVAILABLE'),
(1126, 15, 46, 80000.00, NULL, 'AVAILABLE'),
(1127, 15, 47, 80000.00, NULL, 'AVAILABLE'),
(1128, 15, 48, 80000.00, NULL, 'AVAILABLE'),
(1129, 15, 49, 80000.00, NULL, 'AVAILABLE'),
(1130, 15, 50, 80000.00, NULL, 'AVAILABLE'),
(1131, 15, 51, 80000.00, NULL, 'AVAILABLE'),
(1132, 15, 52, 80000.00, NULL, 'AVAILABLE'),
(1133, 15, 53, 80000.00, NULL, 'AVAILABLE'),
(1134, 15, 54, 80000.00, NULL, 'AVAILABLE'),
(1135, 15, 55, 80000.00, NULL, 'AVAILABLE'),
(1136, 15, 56, 80000.00, NULL, 'AVAILABLE'),
(1137, 15, 57, 80000.00, NULL, 'AVAILABLE'),
(1138, 15, 58, 80000.00, NULL, 'AVAILABLE'),
(1139, 15, 59, 80000.00, NULL, 'AVAILABLE'),
(1140, 15, 60, 80000.00, NULL, 'AVAILABLE'),
(1141, 15, 61, 80000.00, NULL, 'AVAILABLE'),
(1142, 15, 62, 80000.00, NULL, 'AVAILABLE'),
(1143, 15, 63, 80000.00, NULL, 'AVAILABLE'),
(1144, 15, 64, 80000.00, NULL, 'AVAILABLE'),
(1145, 15, 65, 80000.00, NULL, 'AVAILABLE'),
(1146, 15, 66, 80000.00, NULL, 'AVAILABLE'),
(1147, 15, 67, 80000.00, NULL, 'AVAILABLE'),
(1148, 15, 68, 80000.00, NULL, 'AVAILABLE'),
(1149, 15, 69, 80000.00, NULL, 'AVAILABLE'),
(1150, 15, 70, 80000.00, NULL, 'AVAILABLE'),
(1151, 15, 71, 80000.00, NULL, 'AVAILABLE'),
(1152, 15, 72, 80000.00, NULL, 'AVAILABLE'),
(1153, 15, 73, 80000.00, NULL, 'AVAILABLE'),
(1154, 15, 74, 80000.00, NULL, 'AVAILABLE'),
(1155, 15, 75, 80000.00, NULL, 'AVAILABLE'),
(1156, 15, 76, 80000.00, NULL, 'AVAILABLE'),
(1157, 15, 77, 80000.00, NULL, 'AVAILABLE'),
(1158, 15, 78, 80000.00, NULL, 'AVAILABLE'),
(1159, 15, 79, 80000.00, NULL, 'AVAILABLE'),
(1160, 15, 80, 80000.00, NULL, 'AVAILABLE'),
(1161, 15, 81, 80000.00, NULL, 'AVAILABLE'),
(1162, 15, 82, 80000.00, NULL, 'AVAILABLE'),
(1163, 15, 83, 80000.00, NULL, 'AVAILABLE'),
(1164, 15, 84, 80000.00, NULL, 'AVAILABLE'),
(1165, 15, 85, 80000.00, NULL, 'AVAILABLE'),
(1166, 15, 86, 80000.00, NULL, 'AVAILABLE'),
(1167, 15, 87, 80000.00, NULL, 'AVAILABLE'),
(1168, 15, 88, 80000.00, NULL, 'AVAILABLE'),
(1169, 15, 89, 80000.00, NULL, 'AVAILABLE'),
(1170, 15, 90, 80000.00, NULL, 'AVAILABLE'),
(1171, 15, 91, 80000.00, NULL, 'AVAILABLE'),
(1172, 15, 92, 80000.00, NULL, 'AVAILABLE'),
(1173, 15, 93, 80000.00, NULL, 'AVAILABLE'),
(1174, 15, 94, 80000.00, NULL, 'AVAILABLE'),
(1175, 15, 95, 80000.00, NULL, 'AVAILABLE'),
(1176, 15, 96, 80000.00, NULL, 'AVAILABLE'),
(1177, 15, 97, 80000.00, NULL, 'AVAILABLE'),
(1178, 15, 98, 80000.00, NULL, 'AVAILABLE'),
(1179, 15, 99, 80000.00, NULL, 'AVAILABLE'),
(1180, 15, 100, 80000.00, NULL, 'AVAILABLE');
INSERT INTO `showtime_seats` (`showtime_seat_id`, `showtime_id`, `seat_id`, `price`, `hold_at`, `status`) VALUES
(1181, 15, 101, 80000.00, NULL, 'AVAILABLE'),
(1182, 15, 102, 80000.00, NULL, 'AVAILABLE'),
(1183, 15, 103, 80000.00, NULL, 'AVAILABLE'),
(1184, 15, 104, 80000.00, NULL, 'AVAILABLE'),
(1185, 15, 105, 80000.00, NULL, 'AVAILABLE'),
(1186, 15, 106, 80000.00, NULL, 'AVAILABLE'),
(1187, 15, 107, 80000.00, NULL, 'AVAILABLE'),
(1188, 15, 108, 80000.00, NULL, 'AVAILABLE'),
(1189, 15, 109, 80000.00, NULL, 'AVAILABLE'),
(1190, 15, 110, 80000.00, NULL, 'AVAILABLE'),
(1191, 15, 111, 80000.00, NULL, 'AVAILABLE'),
(1192, 15, 112, 80000.00, NULL, 'AVAILABLE'),
(1193, 15, 113, 80000.00, NULL, 'AVAILABLE'),
(1194, 15, 114, 80000.00, NULL, 'AVAILABLE'),
(1195, 15, 115, 80000.00, NULL, 'AVAILABLE'),
(1196, 15, 116, 80000.00, NULL, 'AVAILABLE'),
(1197, 15, 117, 80000.00, NULL, 'AVAILABLE'),
(1198, 15, 118, 80000.00, NULL, 'AVAILABLE'),
(1199, 15, 119, 80000.00, NULL, 'AVAILABLE'),
(1200, 15, 120, 80000.00, NULL, 'AVAILABLE'),
(1201, 15, 121, 80000.00, NULL, 'AVAILABLE'),
(1202, 15, 122, 80000.00, NULL, 'AVAILABLE'),
(1203, 15, 123, 80000.00, NULL, 'AVAILABLE'),
(1204, 15, 124, 80000.00, NULL, 'AVAILABLE'),
(1205, 15, 125, 80000.00, NULL, 'AVAILABLE'),
(1206, 15, 126, 80000.00, NULL, 'AVAILABLE'),
(1207, 15, 127, 80000.00, NULL, 'AVAILABLE'),
(1208, 15, 128, 80000.00, NULL, 'AVAILABLE'),
(1209, 15, 129, 80000.00, NULL, 'AVAILABLE'),
(1210, 15, 130, 80000.00, NULL, 'AVAILABLE'),
(1211, 15, 131, 80000.00, NULL, 'AVAILABLE'),
(1212, 15, 132, 80000.00, NULL, 'AVAILABLE'),
(1213, 15, 133, 80000.00, NULL, 'AVAILABLE'),
(1214, 15, 134, 80000.00, NULL, 'AVAILABLE'),
(1215, 15, 135, 80000.00, NULL, 'AVAILABLE'),
(1216, 15, 136, 80000.00, NULL, 'AVAILABLE'),
(1217, 15, 137, 80000.00, NULL, 'AVAILABLE'),
(1218, 15, 138, 80000.00, NULL, 'AVAILABLE'),
(1219, 15, 139, 80000.00, NULL, 'AVAILABLE'),
(1220, 15, 140, 80000.00, NULL, 'AVAILABLE'),
(1221, 15, 141, 80000.00, NULL, 'AVAILABLE'),
(1222, 15, 142, 80000.00, NULL, 'AVAILABLE'),
(1223, 15, 143, 80000.00, NULL, 'AVAILABLE'),
(1224, 15, 144, 80000.00, NULL, 'AVAILABLE'),
(1225, 15, 145, 80000.00, NULL, 'AVAILABLE'),
(1226, 15, 146, 80000.00, NULL, 'AVAILABLE'),
(1227, 15, 147, 80000.00, NULL, 'AVAILABLE'),
(1228, 15, 148, 80000.00, NULL, 'AVAILABLE'),
(1229, 15, 149, 80000.00, NULL, 'AVAILABLE'),
(1230, 15, 150, 80000.00, NULL, 'AVAILABLE'),
(1231, 15, 151, 80000.00, NULL, 'AVAILABLE'),
(1232, 15, 152, 80000.00, NULL, 'AVAILABLE'),
(1233, 15, 153, 80000.00, NULL, 'AVAILABLE'),
(1234, 15, 154, 80000.00, NULL, 'AVAILABLE'),
(1235, 15, 155, 80000.00, NULL, 'AVAILABLE'),
(1236, 15, 156, 80000.00, NULL, 'AVAILABLE'),
(1237, 15, 157, 80000.00, NULL, 'AVAILABLE'),
(1238, 15, 158, 80000.00, NULL, 'AVAILABLE'),
(1239, 15, 159, 80000.00, NULL, 'AVAILABLE'),
(1240, 15, 160, 80000.00, NULL, 'AVAILABLE'),
(1241, 15, 161, 80000.00, NULL, 'AVAILABLE'),
(1242, 15, 162, 80000.00, NULL, 'AVAILABLE'),
(1243, 15, 163, 80000.00, NULL, 'AVAILABLE'),
(1244, 15, 164, 80000.00, NULL, 'AVAILABLE'),
(1245, 15, 165, 80000.00, NULL, 'AVAILABLE'),
(1246, 15, 166, 80000.00, NULL, 'AVAILABLE'),
(1247, 15, 167, 80000.00, NULL, 'AVAILABLE'),
(1248, 15, 168, 80000.00, NULL, 'AVAILABLE'),
(1249, 15, 169, 80000.00, NULL, 'AVAILABLE'),
(1250, 15, 170, 80000.00, NULL, 'AVAILABLE'),
(1251, 15, 171, 80000.00, NULL, 'AVAILABLE'),
(1252, 15, 172, 80000.00, NULL, 'AVAILABLE'),
(1253, 15, 173, 80000.00, NULL, 'AVAILABLE'),
(1254, 15, 174, 80000.00, NULL, 'AVAILABLE'),
(1255, 15, 175, 80000.00, NULL, 'AVAILABLE'),
(1256, 15, 176, 80000.00, NULL, 'AVAILABLE'),
(1257, 15, 177, 80000.00, NULL, 'AVAILABLE'),
(1258, 15, 178, 80000.00, NULL, 'AVAILABLE'),
(1259, 15, 179, 80000.00, NULL, 'AVAILABLE'),
(1260, 15, 180, 80000.00, NULL, 'AVAILABLE'),
(1261, 16, 1, 60000.00, NULL, 'AVAILABLE'),
(1262, 16, 2, 60000.00, NULL, 'AVAILABLE'),
(1263, 16, 3, 60000.00, NULL, 'AVAILABLE'),
(1264, 16, 4, 60000.00, NULL, 'AVAILABLE'),
(1265, 16, 5, 60000.00, NULL, 'AVAILABLE'),
(1266, 16, 6, 60000.00, NULL, 'AVAILABLE'),
(1267, 16, 7, 60000.00, NULL, 'AVAILABLE'),
(1268, 16, 8, 60000.00, NULL, 'AVAILABLE'),
(1269, 16, 9, 60000.00, NULL, 'AVAILABLE'),
(1270, 16, 10, 60000.00, NULL, 'AVAILABLE'),
(1271, 16, 11, 60000.00, NULL, 'AVAILABLE'),
(1272, 16, 12, 60000.00, NULL, 'AVAILABLE'),
(1273, 16, 13, 60000.00, NULL, 'AVAILABLE'),
(1274, 16, 14, 60000.00, NULL, 'AVAILABLE'),
(1275, 16, 15, 60000.00, NULL, 'AVAILABLE'),
(1276, 16, 16, 60000.00, NULL, 'AVAILABLE'),
(1277, 16, 17, 60000.00, NULL, 'AVAILABLE'),
(1278, 16, 18, 60000.00, NULL, 'AVAILABLE'),
(1279, 16, 19, 60000.00, NULL, 'AVAILABLE'),
(1280, 16, 20, 60000.00, NULL, 'AVAILABLE'),
(1281, 16, 21, 60000.00, NULL, 'AVAILABLE'),
(1282, 16, 22, 60000.00, NULL, 'AVAILABLE'),
(1283, 16, 23, 60000.00, NULL, 'AVAILABLE'),
(1284, 16, 24, 60000.00, NULL, 'AVAILABLE'),
(1285, 16, 25, 60000.00, NULL, 'AVAILABLE'),
(1286, 16, 26, 60000.00, NULL, 'AVAILABLE'),
(1287, 16, 27, 60000.00, NULL, 'AVAILABLE'),
(1288, 16, 28, 60000.00, NULL, 'AVAILABLE'),
(1289, 16, 29, 60000.00, NULL, 'AVAILABLE'),
(1290, 16, 30, 60000.00, NULL, 'AVAILABLE'),
(1291, 16, 31, 60000.00, NULL, 'AVAILABLE'),
(1292, 16, 32, 60000.00, NULL, 'AVAILABLE'),
(1293, 16, 33, 60000.00, NULL, 'AVAILABLE'),
(1294, 16, 34, 60000.00, NULL, 'AVAILABLE'),
(1295, 16, 35, 60000.00, NULL, 'AVAILABLE'),
(1296, 16, 36, 60000.00, NULL, 'AVAILABLE'),
(1297, 16, 37, 60000.00, NULL, 'AVAILABLE'),
(1298, 16, 38, 60000.00, NULL, 'AVAILABLE'),
(1299, 16, 39, 60000.00, NULL, 'AVAILABLE'),
(1300, 16, 40, 60000.00, NULL, 'AVAILABLE'),
(1301, 16, 41, 60000.00, NULL, 'AVAILABLE'),
(1302, 16, 42, 60000.00, NULL, 'AVAILABLE'),
(1303, 16, 43, 60000.00, NULL, 'AVAILABLE'),
(1304, 16, 44, 60000.00, NULL, 'AVAILABLE'),
(1305, 16, 45, 60000.00, NULL, 'AVAILABLE'),
(1306, 16, 46, 80000.00, NULL, 'AVAILABLE'),
(1307, 16, 47, 80000.00, NULL, 'AVAILABLE'),
(1308, 16, 48, 80000.00, NULL, 'AVAILABLE'),
(1309, 16, 49, 80000.00, NULL, 'AVAILABLE'),
(1310, 16, 50, 80000.00, NULL, 'AVAILABLE'),
(1311, 16, 51, 80000.00, NULL, 'AVAILABLE'),
(1312, 16, 52, 80000.00, NULL, 'AVAILABLE'),
(1313, 16, 53, 80000.00, NULL, 'AVAILABLE'),
(1314, 16, 54, 80000.00, NULL, 'AVAILABLE'),
(1315, 16, 55, 80000.00, NULL, 'AVAILABLE'),
(1316, 16, 56, 80000.00, NULL, 'AVAILABLE'),
(1317, 16, 57, 80000.00, NULL, 'AVAILABLE'),
(1318, 16, 58, 80000.00, NULL, 'AVAILABLE'),
(1319, 16, 59, 80000.00, NULL, 'AVAILABLE'),
(1320, 16, 60, 80000.00, NULL, 'AVAILABLE'),
(1321, 16, 61, 80000.00, NULL, 'AVAILABLE'),
(1322, 16, 62, 80000.00, NULL, 'AVAILABLE'),
(1323, 16, 63, 80000.00, NULL, 'AVAILABLE'),
(1324, 16, 64, 80000.00, NULL, 'AVAILABLE'),
(1325, 16, 65, 80000.00, NULL, 'AVAILABLE'),
(1326, 16, 66, 80000.00, NULL, 'AVAILABLE'),
(1327, 16, 67, 80000.00, NULL, 'AVAILABLE'),
(1328, 16, 68, 80000.00, NULL, 'AVAILABLE'),
(1329, 16, 69, 80000.00, NULL, 'AVAILABLE'),
(1330, 16, 70, 80000.00, NULL, 'AVAILABLE'),
(1331, 16, 71, 80000.00, NULL, 'AVAILABLE'),
(1332, 16, 72, 80000.00, NULL, 'AVAILABLE'),
(1333, 16, 73, 80000.00, NULL, 'AVAILABLE'),
(1334, 16, 74, 80000.00, NULL, 'AVAILABLE'),
(1335, 16, 75, 80000.00, NULL, 'AVAILABLE'),
(1336, 16, 76, 80000.00, NULL, 'AVAILABLE'),
(1337, 16, 77, 80000.00, NULL, 'AVAILABLE'),
(1338, 16, 78, 80000.00, NULL, 'AVAILABLE'),
(1339, 16, 79, 80000.00, NULL, 'AVAILABLE'),
(1340, 16, 80, 80000.00, NULL, 'AVAILABLE'),
(1341, 16, 81, 80000.00, NULL, 'AVAILABLE'),
(1342, 16, 82, 80000.00, NULL, 'AVAILABLE'),
(1343, 16, 83, 80000.00, NULL, 'AVAILABLE'),
(1344, 16, 84, 80000.00, NULL, 'AVAILABLE'),
(1345, 16, 85, 80000.00, NULL, 'AVAILABLE'),
(1346, 16, 86, 80000.00, NULL, 'AVAILABLE'),
(1347, 16, 87, 80000.00, NULL, 'AVAILABLE'),
(1348, 16, 88, 80000.00, NULL, 'AVAILABLE'),
(1349, 16, 89, 80000.00, NULL, 'AVAILABLE'),
(1350, 16, 90, 80000.00, NULL, 'AVAILABLE'),
(1351, 16, 91, 80000.00, NULL, 'AVAILABLE'),
(1352, 16, 92, 80000.00, NULL, 'AVAILABLE'),
(1353, 16, 93, 80000.00, NULL, 'AVAILABLE'),
(1354, 16, 94, 80000.00, NULL, 'AVAILABLE'),
(1355, 16, 95, 80000.00, NULL, 'AVAILABLE'),
(1356, 16, 96, 80000.00, NULL, 'AVAILABLE'),
(1357, 16, 97, 80000.00, NULL, 'AVAILABLE'),
(1358, 16, 98, 80000.00, NULL, 'AVAILABLE'),
(1359, 16, 99, 80000.00, NULL, 'AVAILABLE'),
(1360, 16, 100, 80000.00, NULL, 'AVAILABLE'),
(1361, 16, 101, 80000.00, NULL, 'AVAILABLE'),
(1362, 16, 102, 80000.00, NULL, 'AVAILABLE'),
(1363, 16, 103, 80000.00, NULL, 'AVAILABLE'),
(1364, 16, 104, 80000.00, NULL, 'AVAILABLE'),
(1365, 16, 105, 80000.00, NULL, 'AVAILABLE'),
(1366, 16, 106, 110000.00, NULL, 'AVAILABLE'),
(1367, 16, 107, 110000.00, NULL, 'AVAILABLE'),
(1368, 16, 108, 110000.00, NULL, 'AVAILABLE'),
(1369, 16, 109, 110000.00, NULL, 'AVAILABLE'),
(1370, 16, 110, 110000.00, NULL, 'AVAILABLE'),
(1371, 16, 111, 110000.00, NULL, 'AVAILABLE'),
(1372, 16, 112, 110000.00, NULL, 'AVAILABLE'),
(1373, 16, 113, 110000.00, NULL, 'AVAILABLE'),
(1374, 16, 114, 110000.00, NULL, 'AVAILABLE'),
(1375, 16, 115, 110000.00, NULL, 'AVAILABLE'),
(1376, 16, 116, 110000.00, NULL, 'AVAILABLE'),
(1377, 16, 117, 110000.00, NULL, 'AVAILABLE'),
(1378, 16, 118, 110000.00, NULL, 'AVAILABLE'),
(1379, 16, 119, 110000.00, NULL, 'AVAILABLE'),
(1380, 16, 120, 110000.00, NULL, 'AVAILABLE'),
(1381, 16, 121, 110000.00, NULL, 'AVAILABLE'),
(1382, 16, 122, 110000.00, NULL, 'AVAILABLE'),
(1383, 16, 123, 110000.00, NULL, 'AVAILABLE'),
(1384, 16, 124, 110000.00, NULL, 'AVAILABLE'),
(1385, 16, 125, 110000.00, NULL, 'AVAILABLE'),
(1386, 16, 126, 110000.00, NULL, 'AVAILABLE'),
(1387, 16, 127, 110000.00, NULL, 'AVAILABLE'),
(1388, 16, 128, 110000.00, NULL, 'AVAILABLE'),
(1389, 16, 129, 110000.00, NULL, 'AVAILABLE'),
(1390, 16, 130, 110000.00, NULL, 'AVAILABLE'),
(1391, 16, 131, 110000.00, NULL, 'AVAILABLE'),
(1392, 16, 132, 110000.00, NULL, 'AVAILABLE'),
(1393, 16, 133, 110000.00, NULL, 'AVAILABLE'),
(1394, 16, 134, 110000.00, NULL, 'AVAILABLE'),
(1395, 16, 135, 110000.00, NULL, 'AVAILABLE'),
(1396, 16, 136, 60000.00, NULL, 'AVAILABLE'),
(1397, 16, 137, 60000.00, NULL, 'AVAILABLE'),
(1398, 16, 138, 60000.00, NULL, 'AVAILABLE'),
(1399, 16, 139, 60000.00, NULL, 'AVAILABLE'),
(1400, 16, 140, 60000.00, NULL, 'AVAILABLE'),
(1401, 16, 141, 60000.00, NULL, 'AVAILABLE'),
(1402, 16, 142, 60000.00, NULL, 'AVAILABLE'),
(1403, 16, 143, 60000.00, NULL, 'AVAILABLE'),
(1404, 16, 144, 60000.00, NULL, 'AVAILABLE'),
(1405, 16, 145, 60000.00, NULL, 'AVAILABLE'),
(1406, 16, 146, 60000.00, NULL, 'AVAILABLE'),
(1407, 16, 147, 60000.00, NULL, 'AVAILABLE'),
(1408, 16, 148, 60000.00, NULL, 'AVAILABLE'),
(1409, 16, 149, 60000.00, NULL, 'AVAILABLE'),
(1410, 16, 150, 60000.00, NULL, 'AVAILABLE'),
(1411, 16, 151, 60000.00, NULL, 'AVAILABLE'),
(1412, 16, 152, 60000.00, NULL, 'AVAILABLE'),
(1413, 16, 153, 60000.00, NULL, 'AVAILABLE'),
(1414, 16, 154, 60000.00, NULL, 'AVAILABLE'),
(1415, 16, 155, 60000.00, NULL, 'AVAILABLE'),
(1416, 16, 156, 60000.00, NULL, 'AVAILABLE'),
(1417, 16, 157, 60000.00, NULL, 'AVAILABLE'),
(1418, 16, 158, 60000.00, NULL, 'AVAILABLE'),
(1419, 16, 159, 60000.00, NULL, 'AVAILABLE'),
(1420, 16, 160, 60000.00, NULL, 'AVAILABLE'),
(1421, 16, 161, 60000.00, NULL, 'AVAILABLE'),
(1422, 16, 162, 60000.00, NULL, 'AVAILABLE'),
(1423, 16, 163, 60000.00, NULL, 'AVAILABLE'),
(1424, 16, 164, 60000.00, NULL, 'AVAILABLE'),
(1425, 16, 165, 60000.00, NULL, 'AVAILABLE'),
(1426, 16, 166, 60000.00, NULL, 'AVAILABLE'),
(1427, 16, 167, 60000.00, NULL, 'AVAILABLE'),
(1428, 16, 168, 60000.00, NULL, 'AVAILABLE'),
(1429, 16, 169, 60000.00, NULL, 'AVAILABLE'),
(1430, 16, 170, 60000.00, NULL, 'AVAILABLE'),
(1431, 16, 171, 60000.00, NULL, 'AVAILABLE'),
(1432, 16, 172, 60000.00, NULL, 'AVAILABLE'),
(1433, 16, 173, 60000.00, NULL, 'AVAILABLE'),
(1434, 16, 174, 60000.00, NULL, 'AVAILABLE'),
(1435, 16, 175, 60000.00, NULL, 'AVAILABLE'),
(1436, 16, 176, 60000.00, NULL, 'AVAILABLE'),
(1437, 16, 177, 60000.00, NULL, 'AVAILABLE'),
(1438, 16, 178, 60000.00, NULL, 'AVAILABLE'),
(1439, 16, 179, 60000.00, NULL, 'AVAILABLE'),
(1440, 16, 180, 60000.00, NULL, 'AVAILABLE'),
(1441, 17, 1, 60000.00, NULL, 'AVAILABLE'),
(1442, 17, 2, 60000.00, NULL, 'AVAILABLE'),
(1443, 17, 3, 60000.00, NULL, 'AVAILABLE'),
(1444, 17, 4, 60000.00, NULL, 'AVAILABLE'),
(1445, 17, 5, 60000.00, NULL, 'AVAILABLE'),
(1446, 17, 6, 60000.00, NULL, 'AVAILABLE'),
(1447, 17, 7, 60000.00, NULL, 'AVAILABLE'),
(1448, 17, 8, 60000.00, NULL, 'AVAILABLE'),
(1449, 17, 9, 60000.00, NULL, 'AVAILABLE'),
(1450, 17, 10, 60000.00, NULL, 'AVAILABLE'),
(1451, 17, 11, 60000.00, NULL, 'AVAILABLE'),
(1452, 17, 12, 60000.00, NULL, 'AVAILABLE'),
(1453, 17, 13, 60000.00, NULL, 'AVAILABLE'),
(1454, 17, 14, 60000.00, NULL, 'AVAILABLE'),
(1455, 17, 15, 60000.00, NULL, 'AVAILABLE'),
(1456, 17, 16, 60000.00, NULL, 'AVAILABLE'),
(1457, 17, 17, 60000.00, NULL, 'AVAILABLE'),
(1458, 17, 18, 60000.00, NULL, 'AVAILABLE'),
(1459, 17, 19, 60000.00, NULL, 'AVAILABLE'),
(1460, 17, 20, 60000.00, NULL, 'AVAILABLE'),
(1461, 17, 21, 60000.00, NULL, 'AVAILABLE'),
(1462, 17, 22, 60000.00, NULL, 'AVAILABLE'),
(1463, 17, 23, 60000.00, NULL, 'AVAILABLE'),
(1464, 17, 24, 60000.00, NULL, 'AVAILABLE'),
(1465, 17, 25, 60000.00, NULL, 'AVAILABLE'),
(1466, 17, 26, 60000.00, NULL, 'AVAILABLE'),
(1467, 17, 27, 60000.00, NULL, 'AVAILABLE'),
(1468, 17, 28, 60000.00, NULL, 'AVAILABLE'),
(1469, 17, 29, 60000.00, NULL, 'AVAILABLE'),
(1470, 17, 30, 60000.00, NULL, 'AVAILABLE'),
(1471, 17, 31, 60000.00, NULL, 'AVAILABLE'),
(1472, 17, 32, 60000.00, NULL, 'AVAILABLE'),
(1473, 17, 33, 60000.00, NULL, 'AVAILABLE'),
(1474, 17, 34, 60000.00, NULL, 'AVAILABLE'),
(1475, 17, 35, 60000.00, NULL, 'AVAILABLE'),
(1476, 17, 36, 60000.00, NULL, 'AVAILABLE'),
(1477, 17, 37, 60000.00, NULL, 'AVAILABLE'),
(1478, 17, 38, 60000.00, NULL, 'AVAILABLE'),
(1479, 17, 39, 60000.00, NULL, 'AVAILABLE'),
(1480, 17, 40, 60000.00, NULL, 'AVAILABLE'),
(1481, 17, 41, 60000.00, NULL, 'AVAILABLE'),
(1482, 17, 42, 60000.00, NULL, 'AVAILABLE'),
(1483, 17, 43, 60000.00, NULL, 'AVAILABLE'),
(1484, 17, 44, 60000.00, NULL, 'AVAILABLE'),
(1485, 17, 45, 60000.00, NULL, 'AVAILABLE'),
(1486, 17, 46, 80000.00, NULL, 'AVAILABLE'),
(1487, 17, 47, 80000.00, NULL, 'AVAILABLE'),
(1488, 17, 48, 80000.00, NULL, 'AVAILABLE'),
(1489, 17, 49, 80000.00, NULL, 'AVAILABLE'),
(1490, 17, 50, 80000.00, NULL, 'AVAILABLE'),
(1491, 17, 51, 80000.00, NULL, 'AVAILABLE'),
(1492, 17, 52, 80000.00, NULL, 'AVAILABLE'),
(1493, 17, 53, 80000.00, NULL, 'AVAILABLE'),
(1494, 17, 54, 80000.00, NULL, 'AVAILABLE'),
(1495, 17, 55, 80000.00, NULL, 'AVAILABLE'),
(1496, 17, 56, 80000.00, NULL, 'AVAILABLE'),
(1497, 17, 57, 80000.00, NULL, 'AVAILABLE'),
(1498, 17, 58, 80000.00, NULL, 'AVAILABLE'),
(1499, 17, 59, 80000.00, NULL, 'AVAILABLE'),
(1500, 17, 60, 80000.00, NULL, 'AVAILABLE'),
(1501, 17, 61, 80000.00, NULL, 'AVAILABLE'),
(1502, 17, 62, 80000.00, NULL, 'AVAILABLE'),
(1503, 17, 63, 80000.00, NULL, 'AVAILABLE'),
(1504, 17, 64, 80000.00, NULL, 'AVAILABLE'),
(1505, 17, 65, 80000.00, NULL, 'AVAILABLE'),
(1506, 17, 66, 80000.00, NULL, 'AVAILABLE'),
(1507, 17, 67, 80000.00, NULL, 'AVAILABLE'),
(1508, 17, 68, 80000.00, NULL, 'AVAILABLE'),
(1509, 17, 69, 80000.00, NULL, 'AVAILABLE'),
(1510, 17, 70, 80000.00, NULL, 'AVAILABLE'),
(1511, 17, 71, 80000.00, NULL, 'AVAILABLE'),
(1512, 17, 72, 80000.00, NULL, 'AVAILABLE'),
(1513, 17, 73, 80000.00, NULL, 'AVAILABLE'),
(1514, 17, 74, 80000.00, NULL, 'AVAILABLE'),
(1515, 17, 75, 80000.00, NULL, 'AVAILABLE'),
(1516, 17, 76, 80000.00, NULL, 'AVAILABLE'),
(1517, 17, 77, 80000.00, NULL, 'AVAILABLE'),
(1518, 17, 78, 80000.00, NULL, 'AVAILABLE'),
(1519, 17, 79, 80000.00, NULL, 'AVAILABLE'),
(1520, 17, 80, 80000.00, NULL, 'AVAILABLE'),
(1521, 17, 81, 80000.00, NULL, 'AVAILABLE'),
(1522, 17, 82, 80000.00, NULL, 'AVAILABLE'),
(1523, 17, 83, 80000.00, NULL, 'AVAILABLE'),
(1524, 17, 84, 80000.00, NULL, 'AVAILABLE'),
(1525, 17, 85, 80000.00, NULL, 'AVAILABLE'),
(1526, 17, 86, 80000.00, NULL, 'AVAILABLE'),
(1527, 17, 87, 80000.00, NULL, 'AVAILABLE'),
(1528, 17, 88, 80000.00, NULL, 'AVAILABLE'),
(1529, 17, 89, 80000.00, NULL, 'AVAILABLE'),
(1530, 17, 90, 80000.00, NULL, 'AVAILABLE'),
(1531, 17, 91, 80000.00, NULL, 'AVAILABLE'),
(1532, 17, 92, 80000.00, NULL, 'AVAILABLE'),
(1533, 17, 93, 80000.00, NULL, 'AVAILABLE'),
(1534, 17, 94, 80000.00, NULL, 'AVAILABLE'),
(1535, 17, 95, 80000.00, NULL, 'AVAILABLE'),
(1536, 17, 96, 80000.00, NULL, 'AVAILABLE'),
(1537, 17, 97, 80000.00, NULL, 'AVAILABLE'),
(1538, 17, 98, 80000.00, NULL, 'AVAILABLE'),
(1539, 17, 99, 80000.00, NULL, 'AVAILABLE'),
(1540, 17, 100, 80000.00, NULL, 'AVAILABLE'),
(1541, 17, 101, 80000.00, NULL, 'AVAILABLE'),
(1542, 17, 102, 80000.00, NULL, 'AVAILABLE'),
(1543, 17, 103, 80000.00, NULL, 'AVAILABLE'),
(1544, 17, 104, 80000.00, NULL, 'AVAILABLE'),
(1545, 17, 105, 80000.00, NULL, 'AVAILABLE'),
(1546, 17, 106, 110000.00, NULL, 'AVAILABLE'),
(1547, 17, 107, 110000.00, NULL, 'AVAILABLE'),
(1548, 17, 108, 110000.00, NULL, 'AVAILABLE'),
(1549, 17, 109, 110000.00, NULL, 'AVAILABLE'),
(1550, 17, 110, 110000.00, NULL, 'AVAILABLE'),
(1551, 17, 111, 110000.00, NULL, 'AVAILABLE'),
(1552, 17, 112, 110000.00, NULL, 'AVAILABLE'),
(1553, 17, 113, 110000.00, NULL, 'AVAILABLE'),
(1554, 17, 114, 110000.00, NULL, 'AVAILABLE'),
(1555, 17, 115, 110000.00, NULL, 'AVAILABLE'),
(1556, 17, 116, 110000.00, NULL, 'AVAILABLE'),
(1557, 17, 117, 110000.00, NULL, 'AVAILABLE'),
(1558, 17, 118, 110000.00, NULL, 'AVAILABLE'),
(1559, 17, 119, 110000.00, NULL, 'AVAILABLE'),
(1560, 17, 120, 110000.00, NULL, 'AVAILABLE'),
(1561, 17, 121, 110000.00, NULL, 'AVAILABLE'),
(1562, 17, 122, 110000.00, NULL, 'AVAILABLE'),
(1563, 17, 123, 110000.00, NULL, 'AVAILABLE'),
(1564, 17, 124, 110000.00, NULL, 'AVAILABLE'),
(1565, 17, 125, 110000.00, NULL, 'AVAILABLE'),
(1566, 17, 126, 110000.00, NULL, 'AVAILABLE'),
(1567, 17, 127, 110000.00, NULL, 'AVAILABLE'),
(1568, 17, 128, 110000.00, NULL, 'AVAILABLE'),
(1569, 17, 129, 110000.00, NULL, 'AVAILABLE'),
(1570, 17, 130, 110000.00, NULL, 'AVAILABLE'),
(1571, 17, 131, 110000.00, NULL, 'AVAILABLE'),
(1572, 17, 132, 110000.00, NULL, 'AVAILABLE'),
(1573, 17, 133, 110000.00, NULL, 'AVAILABLE'),
(1574, 17, 134, 110000.00, NULL, 'AVAILABLE'),
(1575, 17, 135, 110000.00, NULL, 'AVAILABLE'),
(1576, 17, 136, 60000.00, NULL, 'AVAILABLE'),
(1577, 17, 137, 60000.00, NULL, 'AVAILABLE'),
(1578, 17, 138, 60000.00, NULL, 'AVAILABLE'),
(1579, 17, 139, 60000.00, NULL, 'AVAILABLE'),
(1580, 17, 140, 60000.00, NULL, 'AVAILABLE'),
(1581, 17, 141, 60000.00, NULL, 'AVAILABLE'),
(1582, 17, 142, 60000.00, NULL, 'AVAILABLE'),
(1583, 17, 143, 60000.00, NULL, 'AVAILABLE'),
(1584, 17, 144, 60000.00, NULL, 'AVAILABLE'),
(1585, 17, 145, 60000.00, NULL, 'AVAILABLE'),
(1586, 17, 146, 60000.00, NULL, 'AVAILABLE'),
(1587, 17, 147, 60000.00, NULL, 'AVAILABLE'),
(1588, 17, 148, 60000.00, NULL, 'AVAILABLE'),
(1589, 17, 149, 60000.00, NULL, 'AVAILABLE'),
(1590, 17, 150, 60000.00, NULL, 'AVAILABLE'),
(1591, 17, 151, 60000.00, NULL, 'AVAILABLE'),
(1592, 17, 152, 60000.00, NULL, 'AVAILABLE'),
(1593, 17, 153, 60000.00, NULL, 'AVAILABLE'),
(1594, 17, 154, 60000.00, NULL, 'AVAILABLE'),
(1595, 17, 155, 60000.00, NULL, 'AVAILABLE'),
(1596, 17, 156, 60000.00, NULL, 'AVAILABLE'),
(1597, 17, 157, 60000.00, NULL, 'AVAILABLE'),
(1598, 17, 158, 60000.00, NULL, 'AVAILABLE'),
(1599, 17, 159, 60000.00, NULL, 'AVAILABLE'),
(1600, 17, 160, 60000.00, NULL, 'AVAILABLE'),
(1601, 17, 161, 60000.00, NULL, 'AVAILABLE'),
(1602, 17, 162, 60000.00, NULL, 'AVAILABLE'),
(1603, 17, 163, 60000.00, NULL, 'AVAILABLE'),
(1604, 17, 164, 60000.00, NULL, 'AVAILABLE'),
(1605, 17, 165, 60000.00, NULL, 'AVAILABLE'),
(1606, 17, 166, 60000.00, NULL, 'AVAILABLE'),
(1607, 17, 167, 60000.00, NULL, 'AVAILABLE'),
(1608, 17, 168, 60000.00, NULL, 'AVAILABLE'),
(1609, 17, 169, 60000.00, NULL, 'AVAILABLE'),
(1610, 17, 170, 60000.00, NULL, 'AVAILABLE'),
(1611, 17, 171, 60000.00, NULL, 'AVAILABLE'),
(1612, 17, 172, 60000.00, NULL, 'AVAILABLE'),
(1613, 17, 173, 60000.00, NULL, 'AVAILABLE'),
(1614, 17, 174, 60000.00, NULL, 'AVAILABLE'),
(1615, 17, 175, 60000.00, NULL, 'AVAILABLE'),
(1616, 17, 176, 60000.00, NULL, 'AVAILABLE'),
(1617, 17, 177, 60000.00, NULL, 'AVAILABLE'),
(1618, 17, 178, 60000.00, NULL, 'AVAILABLE'),
(1619, 17, 179, 60000.00, NULL, 'AVAILABLE'),
(1620, 17, 180, 60000.00, NULL, 'AVAILABLE'),
(1621, 18, 1, 60000.00, NULL, 'AVAILABLE'),
(1622, 18, 2, 60000.00, NULL, 'AVAILABLE'),
(1623, 18, 3, 60000.00, NULL, 'AVAILABLE'),
(1624, 18, 4, 60000.00, NULL, 'AVAILABLE'),
(1625, 18, 5, 60000.00, NULL, 'AVAILABLE'),
(1626, 18, 6, 60000.00, NULL, 'AVAILABLE'),
(1627, 18, 7, 60000.00, NULL, 'AVAILABLE'),
(1628, 18, 8, 60000.00, NULL, 'AVAILABLE'),
(1629, 18, 9, 60000.00, NULL, 'AVAILABLE'),
(1630, 18, 10, 60000.00, NULL, 'AVAILABLE'),
(1631, 18, 11, 60000.00, NULL, 'AVAILABLE'),
(1632, 18, 12, 60000.00, NULL, 'AVAILABLE'),
(1633, 18, 13, 60000.00, NULL, 'AVAILABLE'),
(1634, 18, 14, 60000.00, NULL, 'AVAILABLE'),
(1635, 18, 15, 60000.00, NULL, 'AVAILABLE'),
(1636, 18, 16, 60000.00, NULL, 'AVAILABLE'),
(1637, 18, 17, 60000.00, NULL, 'AVAILABLE'),
(1638, 18, 18, 60000.00, NULL, 'AVAILABLE'),
(1639, 18, 19, 60000.00, NULL, 'AVAILABLE'),
(1640, 18, 20, 60000.00, NULL, 'AVAILABLE'),
(1641, 18, 21, 60000.00, NULL, 'AVAILABLE'),
(1642, 18, 22, 60000.00, NULL, 'AVAILABLE'),
(1643, 18, 23, 60000.00, NULL, 'AVAILABLE'),
(1644, 18, 24, 60000.00, NULL, 'AVAILABLE'),
(1645, 18, 25, 60000.00, NULL, 'AVAILABLE'),
(1646, 18, 26, 60000.00, NULL, 'AVAILABLE'),
(1647, 18, 27, 60000.00, NULL, 'AVAILABLE'),
(1648, 18, 28, 60000.00, NULL, 'AVAILABLE'),
(1649, 18, 29, 60000.00, NULL, 'AVAILABLE'),
(1650, 18, 30, 60000.00, NULL, 'AVAILABLE'),
(1651, 18, 31, 60000.00, NULL, 'AVAILABLE'),
(1652, 18, 32, 60000.00, NULL, 'AVAILABLE'),
(1653, 18, 33, 60000.00, NULL, 'AVAILABLE'),
(1654, 18, 34, 60000.00, NULL, 'AVAILABLE'),
(1655, 18, 35, 60000.00, NULL, 'AVAILABLE'),
(1656, 18, 36, 60000.00, NULL, 'AVAILABLE'),
(1657, 18, 37, 60000.00, NULL, 'AVAILABLE'),
(1658, 18, 38, 60000.00, NULL, 'AVAILABLE'),
(1659, 18, 39, 60000.00, NULL, 'AVAILABLE'),
(1660, 18, 40, 60000.00, NULL, 'AVAILABLE'),
(1661, 18, 41, 60000.00, NULL, 'AVAILABLE'),
(1662, 18, 42, 60000.00, NULL, 'AVAILABLE'),
(1663, 18, 43, 60000.00, NULL, 'AVAILABLE'),
(1664, 18, 44, 60000.00, NULL, 'AVAILABLE'),
(1665, 18, 45, 60000.00, NULL, 'AVAILABLE'),
(1666, 18, 46, 80000.00, NULL, 'AVAILABLE'),
(1667, 18, 47, 80000.00, NULL, 'AVAILABLE'),
(1668, 18, 48, 80000.00, NULL, 'AVAILABLE'),
(1669, 18, 49, 80000.00, NULL, 'AVAILABLE'),
(1670, 18, 50, 80000.00, NULL, 'AVAILABLE'),
(1671, 18, 51, 80000.00, NULL, 'AVAILABLE'),
(1672, 18, 52, 80000.00, NULL, 'AVAILABLE'),
(1673, 18, 53, 80000.00, NULL, 'AVAILABLE'),
(1674, 18, 54, 80000.00, NULL, 'AVAILABLE'),
(1675, 18, 55, 80000.00, NULL, 'AVAILABLE'),
(1676, 18, 56, 80000.00, NULL, 'AVAILABLE'),
(1677, 18, 57, 80000.00, NULL, 'AVAILABLE'),
(1678, 18, 58, 80000.00, NULL, 'AVAILABLE'),
(1679, 18, 59, 80000.00, NULL, 'AVAILABLE'),
(1680, 18, 60, 80000.00, NULL, 'AVAILABLE'),
(1681, 18, 61, 80000.00, NULL, 'AVAILABLE'),
(1682, 18, 62, 80000.00, NULL, 'AVAILABLE'),
(1683, 18, 63, 80000.00, NULL, 'AVAILABLE'),
(1684, 18, 64, 80000.00, NULL, 'AVAILABLE'),
(1685, 18, 65, 80000.00, NULL, 'AVAILABLE'),
(1686, 18, 66, 80000.00, NULL, 'AVAILABLE'),
(1687, 18, 67, 80000.00, NULL, 'AVAILABLE'),
(1688, 18, 68, 80000.00, NULL, 'AVAILABLE'),
(1689, 18, 69, 80000.00, NULL, 'AVAILABLE'),
(1690, 18, 70, 80000.00, NULL, 'AVAILABLE'),
(1691, 18, 71, 80000.00, NULL, 'AVAILABLE'),
(1692, 18, 72, 80000.00, NULL, 'AVAILABLE'),
(1693, 18, 73, 80000.00, NULL, 'AVAILABLE'),
(1694, 18, 74, 80000.00, NULL, 'AVAILABLE'),
(1695, 18, 75, 80000.00, NULL, 'AVAILABLE'),
(1696, 18, 76, 80000.00, NULL, 'AVAILABLE'),
(1697, 18, 77, 80000.00, NULL, 'AVAILABLE'),
(1698, 18, 78, 80000.00, NULL, 'AVAILABLE'),
(1699, 18, 79, 80000.00, NULL, 'AVAILABLE'),
(1700, 18, 80, 80000.00, NULL, 'AVAILABLE'),
(1701, 18, 81, 80000.00, NULL, 'AVAILABLE'),
(1702, 18, 82, 80000.00, NULL, 'AVAILABLE'),
(1703, 18, 83, 80000.00, NULL, 'AVAILABLE'),
(1704, 18, 84, 80000.00, NULL, 'AVAILABLE'),
(1705, 18, 85, 80000.00, NULL, 'AVAILABLE'),
(1706, 18, 86, 80000.00, NULL, 'AVAILABLE'),
(1707, 18, 87, 80000.00, NULL, 'AVAILABLE'),
(1708, 18, 88, 80000.00, NULL, 'AVAILABLE'),
(1709, 18, 89, 80000.00, NULL, 'AVAILABLE'),
(1710, 18, 90, 80000.00, NULL, 'AVAILABLE'),
(1711, 18, 91, 80000.00, NULL, 'AVAILABLE'),
(1712, 18, 92, 80000.00, NULL, 'AVAILABLE'),
(1713, 18, 93, 80000.00, NULL, 'AVAILABLE'),
(1714, 18, 94, 80000.00, NULL, 'AVAILABLE'),
(1715, 18, 95, 80000.00, NULL, 'AVAILABLE'),
(1716, 18, 96, 80000.00, NULL, 'AVAILABLE'),
(1717, 18, 97, 80000.00, NULL, 'AVAILABLE'),
(1718, 18, 98, 80000.00, NULL, 'AVAILABLE'),
(1719, 18, 99, 80000.00, NULL, 'AVAILABLE'),
(1720, 18, 100, 80000.00, NULL, 'AVAILABLE'),
(1721, 18, 101, 80000.00, NULL, 'AVAILABLE'),
(1722, 18, 102, 80000.00, NULL, 'AVAILABLE'),
(1723, 18, 103, 80000.00, NULL, 'AVAILABLE'),
(1724, 18, 104, 80000.00, NULL, 'AVAILABLE'),
(1725, 18, 105, 80000.00, NULL, 'AVAILABLE'),
(1726, 18, 106, 110000.00, NULL, 'AVAILABLE'),
(1727, 18, 107, 110000.00, NULL, 'AVAILABLE'),
(1728, 18, 108, 110000.00, NULL, 'AVAILABLE'),
(1729, 18, 109, 110000.00, NULL, 'AVAILABLE'),
(1730, 18, 110, 110000.00, NULL, 'AVAILABLE'),
(1731, 18, 111, 110000.00, NULL, 'AVAILABLE'),
(1732, 18, 112, 110000.00, NULL, 'AVAILABLE'),
(1733, 18, 113, 110000.00, NULL, 'AVAILABLE'),
(1734, 18, 114, 110000.00, NULL, 'AVAILABLE'),
(1735, 18, 115, 110000.00, NULL, 'AVAILABLE'),
(1736, 18, 116, 110000.00, NULL, 'AVAILABLE'),
(1737, 18, 117, 110000.00, NULL, 'AVAILABLE'),
(1738, 18, 118, 110000.00, NULL, 'AVAILABLE'),
(1739, 18, 119, 110000.00, NULL, 'AVAILABLE'),
(1740, 18, 120, 110000.00, NULL, 'AVAILABLE'),
(1741, 18, 121, 110000.00, NULL, 'AVAILABLE'),
(1742, 18, 122, 110000.00, NULL, 'AVAILABLE'),
(1743, 18, 123, 110000.00, NULL, 'AVAILABLE'),
(1744, 18, 124, 110000.00, NULL, 'AVAILABLE'),
(1745, 18, 125, 110000.00, NULL, 'AVAILABLE'),
(1746, 18, 126, 110000.00, NULL, 'AVAILABLE'),
(1747, 18, 127, 110000.00, NULL, 'AVAILABLE'),
(1748, 18, 128, 110000.00, NULL, 'AVAILABLE'),
(1749, 18, 129, 110000.00, NULL, 'AVAILABLE'),
(1750, 18, 130, 110000.00, NULL, 'AVAILABLE'),
(1751, 18, 131, 110000.00, NULL, 'AVAILABLE'),
(1752, 18, 132, 110000.00, NULL, 'AVAILABLE'),
(1753, 18, 133, 110000.00, NULL, 'AVAILABLE'),
(1754, 18, 134, 110000.00, NULL, 'AVAILABLE'),
(1755, 18, 135, 110000.00, NULL, 'AVAILABLE'),
(1756, 18, 136, 60000.00, NULL, 'AVAILABLE'),
(1757, 18, 137, 60000.00, NULL, 'AVAILABLE'),
(1758, 18, 138, 60000.00, NULL, 'AVAILABLE'),
(1759, 18, 139, 60000.00, NULL, 'AVAILABLE'),
(1760, 18, 140, 60000.00, NULL, 'AVAILABLE'),
(1761, 18, 141, 60000.00, NULL, 'AVAILABLE'),
(1762, 18, 142, 60000.00, NULL, 'AVAILABLE'),
(1763, 18, 143, 60000.00, NULL, 'AVAILABLE'),
(1764, 18, 144, 60000.00, NULL, 'AVAILABLE'),
(1765, 18, 145, 60000.00, NULL, 'AVAILABLE'),
(1766, 18, 146, 60000.00, NULL, 'AVAILABLE'),
(1767, 18, 147, 60000.00, NULL, 'AVAILABLE'),
(1768, 18, 148, 60000.00, NULL, 'AVAILABLE'),
(1769, 18, 149, 60000.00, NULL, 'AVAILABLE'),
(1770, 18, 150, 60000.00, NULL, 'AVAILABLE'),
(1771, 18, 151, 60000.00, NULL, 'AVAILABLE'),
(1772, 18, 152, 60000.00, NULL, 'AVAILABLE'),
(1773, 18, 153, 60000.00, NULL, 'AVAILABLE'),
(1774, 18, 154, 60000.00, NULL, 'AVAILABLE'),
(1775, 18, 155, 60000.00, NULL, 'AVAILABLE'),
(1776, 18, 156, 60000.00, NULL, 'AVAILABLE'),
(1777, 18, 157, 60000.00, NULL, 'AVAILABLE'),
(1778, 18, 158, 60000.00, NULL, 'AVAILABLE'),
(1779, 18, 159, 60000.00, NULL, 'AVAILABLE'),
(1780, 18, 160, 60000.00, NULL, 'AVAILABLE'),
(1781, 18, 161, 60000.00, NULL, 'AVAILABLE'),
(1782, 18, 162, 60000.00, NULL, 'AVAILABLE'),
(1783, 18, 163, 60000.00, NULL, 'AVAILABLE'),
(1784, 18, 164, 60000.00, NULL, 'AVAILABLE'),
(1785, 18, 165, 60000.00, NULL, 'AVAILABLE'),
(1786, 18, 166, 60000.00, NULL, 'AVAILABLE'),
(1787, 18, 167, 60000.00, NULL, 'AVAILABLE'),
(1788, 18, 168, 60000.00, NULL, 'AVAILABLE'),
(1789, 18, 169, 60000.00, NULL, 'AVAILABLE'),
(1790, 18, 170, 60000.00, NULL, 'AVAILABLE'),
(1791, 18, 171, 60000.00, NULL, 'AVAILABLE'),
(1792, 18, 172, 60000.00, NULL, 'AVAILABLE'),
(1793, 18, 173, 60000.00, NULL, 'AVAILABLE'),
(1794, 18, 174, 60000.00, NULL, 'AVAILABLE'),
(1795, 18, 175, 60000.00, NULL, 'AVAILABLE'),
(1796, 18, 176, 60000.00, NULL, 'AVAILABLE'),
(1797, 18, 177, 60000.00, NULL, 'AVAILABLE'),
(1798, 18, 178, 60000.00, NULL, 'AVAILABLE'),
(1799, 18, 179, 60000.00, NULL, 'AVAILABLE'),
(1800, 18, 180, 60000.00, NULL, 'AVAILABLE'),
(1801, 19, 1231, 60000.00, NULL, 'AVAILABLE'),
(1802, 19, 1232, 60000.00, NULL, 'AVAILABLE'),
(1803, 19, 1233, 60000.00, NULL, 'AVAILABLE'),
(1804, 19, 1234, 60000.00, NULL, 'AVAILABLE'),
(1805, 19, 1235, 60000.00, NULL, 'AVAILABLE'),
(1806, 19, 1236, 60000.00, NULL, 'AVAILABLE'),
(1807, 19, 1237, 60000.00, NULL, 'AVAILABLE'),
(1808, 19, 1238, 60000.00, NULL, 'AVAILABLE'),
(1809, 19, 1239, 60000.00, NULL, 'AVAILABLE'),
(1810, 19, 1240, 60000.00, NULL, 'AVAILABLE'),
(1811, 19, 1241, 60000.00, NULL, 'AVAILABLE'),
(1812, 19, 1242, 60000.00, NULL, 'AVAILABLE'),
(1813, 19, 1243, 60000.00, NULL, 'AVAILABLE'),
(1814, 19, 1244, 60000.00, NULL, 'AVAILABLE'),
(1815, 19, 1245, 60000.00, NULL, 'AVAILABLE'),
(1816, 19, 1246, 60000.00, NULL, 'AVAILABLE'),
(1817, 19, 1247, 60000.00, NULL, 'AVAILABLE'),
(1818, 19, 1248, 60000.00, NULL, 'AVAILABLE'),
(1819, 19, 1249, 60000.00, NULL, 'AVAILABLE'),
(1820, 19, 1250, 60000.00, NULL, 'AVAILABLE'),
(1821, 19, 1251, 60000.00, NULL, 'AVAILABLE'),
(1822, 19, 1252, 60000.00, NULL, 'AVAILABLE'),
(1823, 19, 1253, 60000.00, NULL, 'AVAILABLE'),
(1824, 19, 1254, 60000.00, NULL, 'AVAILABLE'),
(1825, 19, 1255, 60000.00, NULL, 'AVAILABLE'),
(1826, 19, 1256, 60000.00, NULL, 'AVAILABLE'),
(1827, 19, 1257, 60000.00, NULL, 'AVAILABLE'),
(1828, 19, 1258, 60000.00, NULL, 'AVAILABLE'),
(1829, 19, 1259, 60000.00, NULL, 'AVAILABLE'),
(1830, 19, 1260, 60000.00, NULL, 'AVAILABLE'),
(1831, 19, 1261, 60000.00, NULL, 'AVAILABLE'),
(1832, 19, 1262, 60000.00, NULL, 'AVAILABLE'),
(1833, 19, 1263, 60000.00, NULL, 'AVAILABLE'),
(1834, 19, 1264, 60000.00, NULL, 'AVAILABLE'),
(1835, 19, 1265, 60000.00, NULL, 'AVAILABLE'),
(1836, 19, 1266, 60000.00, NULL, 'AVAILABLE'),
(1837, 19, 1267, 60000.00, NULL, 'AVAILABLE'),
(1838, 19, 1268, 60000.00, NULL, 'AVAILABLE'),
(1839, 19, 1269, 60000.00, NULL, 'AVAILABLE'),
(1840, 19, 1270, 60000.00, NULL, 'AVAILABLE'),
(1841, 19, 1271, 60000.00, NULL, 'AVAILABLE'),
(1842, 19, 1272, 60000.00, NULL, 'AVAILABLE'),
(1843, 19, 1273, 60000.00, NULL, 'AVAILABLE'),
(1844, 19, 1274, 60000.00, NULL, 'AVAILABLE'),
(1845, 19, 1275, 60000.00, NULL, 'AVAILABLE'),
(1846, 19, 1276, 60000.00, NULL, 'AVAILABLE'),
(1847, 19, 1277, 60000.00, NULL, 'AVAILABLE'),
(1848, 19, 1278, 60000.00, NULL, 'AVAILABLE'),
(1849, 19, 1279, 60000.00, NULL, 'AVAILABLE'),
(1850, 19, 1280, 60000.00, NULL, 'AVAILABLE'),
(1851, 19, 1281, 60000.00, NULL, 'AVAILABLE'),
(1852, 19, 1282, 60000.00, NULL, 'AVAILABLE'),
(1853, 19, 1283, 60000.00, NULL, 'AVAILABLE'),
(1854, 19, 1284, 60000.00, NULL, 'AVAILABLE'),
(1855, 19, 1285, 60000.00, NULL, 'AVAILABLE'),
(1856, 19, 1286, 60000.00, NULL, 'AVAILABLE'),
(1857, 19, 1287, 60000.00, NULL, 'AVAILABLE'),
(1858, 19, 1288, 60000.00, NULL, 'AVAILABLE'),
(1859, 19, 1289, 60000.00, NULL, 'AVAILABLE'),
(1860, 19, 1290, 60000.00, NULL, 'AVAILABLE'),
(1861, 19, 1291, 60000.00, NULL, 'AVAILABLE'),
(1862, 19, 1292, 60000.00, NULL, 'AVAILABLE'),
(1863, 19, 1293, 60000.00, NULL, 'AVAILABLE'),
(1864, 19, 1294, 60000.00, NULL, 'AVAILABLE'),
(1865, 19, 1295, 60000.00, NULL, 'AVAILABLE'),
(1866, 19, 1296, 60000.00, NULL, 'AVAILABLE'),
(1867, 19, 1297, 60000.00, NULL, 'AVAILABLE'),
(1868, 19, 1298, 60000.00, NULL, 'AVAILABLE'),
(1869, 19, 1299, 60000.00, NULL, 'AVAILABLE'),
(1870, 19, 1300, 60000.00, NULL, 'AVAILABLE'),
(1871, 19, 1301, 60000.00, NULL, 'AVAILABLE'),
(1872, 19, 1302, 60000.00, NULL, 'AVAILABLE'),
(1873, 19, 1303, 60000.00, NULL, 'AVAILABLE'),
(1874, 19, 1304, 60000.00, NULL, 'AVAILABLE'),
(1875, 19, 1305, 60000.00, NULL, 'AVAILABLE'),
(1876, 19, 1306, 60000.00, NULL, 'AVAILABLE'),
(1877, 19, 1307, 60000.00, NULL, 'AVAILABLE'),
(1878, 19, 1308, 60000.00, NULL, 'AVAILABLE'),
(1879, 19, 1309, 60000.00, NULL, 'AVAILABLE'),
(1880, 19, 1310, 60000.00, NULL, 'AVAILABLE');

-- --------------------------------------------------------

--
-- Cấu trúc bảng cho bảng `tickets`
--

CREATE TABLE `tickets` (
  `ticket_id` int(11) NOT NULL,
  `booking_time` datetime DEFAULT current_timestamp(),
  `ticket_status` enum('PENDING','BOOKED','CANCELLED','USED') DEFAULT 'PENDING',
  `showtime_seat_id` int(11) DEFAULT NULL
) ENGINE=InnoDB DEFAULT CHARSET=utf8 COLLATE=utf8_unicode_ci;

-- --------------------------------------------------------

--
-- Cấu trúc bảng cho bảng `users`
--

CREATE TABLE `users` (
  `user_id` int(11) NOT NULL,
  `full_name` varchar(100) DEFAULT NULL,
  `email` varchar(100) DEFAULT NULL,
  `avatar` varchar(255) DEFAULT NULL,
  `password_hash` varchar(255) DEFAULT NULL,
  `phone` varchar(20) DEFAULT NULL,
  `date_of_birth` date DEFAULT NULL,
  `gender` enum('male','female') DEFAULT NULL,
  `role_id` int(11) DEFAULT NULL,
  `created_at` datetime DEFAULT NULL,
  `status` tinyint(4) DEFAULT NULL
) ENGINE=InnoDB DEFAULT CHARSET=utf8 COLLATE=utf8_unicode_ci;

--
-- Đang đổ dữ liệu cho bảng `users`
--

INSERT INTO `users` (`user_id`, `full_name`, `email`, `avatar`, `password_hash`, `phone`, `date_of_birth`, `gender`, `role_id`, `created_at`, `status`) VALUES
(1, 'Lê Hữu Đạt', '20223474@eaut.edu.vn', NULL, '$2b$10$qQhf45K2mLK09Om.XP.MSuFTdii3zcTciEYK8TSxvt8dWWD0JV21S', '0358327609', '2004-10-04', 'male', 2, NULL, 1),
(2, 'NextGen', 'nextgen.cine@gmail.com', NULL, '$2b$10$shGf6T05rt.94bB2p/7fbevBbBlOD/zFiuI4QeK/.4poLn1/CV.cq', '0358327604', '2004-12-04', 'male', 1, NULL, 1),
(3, 'Lê Hữu Đạt', 'lehuudat04102004@gmail.com', NULL, '$2b$10$SrWd2CdkPeRfe2eSyegLOORVolNAMXYrre1INtElmafkHY2cPEs2G', '0358327609', '2004-10-04', 'male', 2, NULL, 1);

--
-- Chỉ mục cho các bảng đã đổ
--

--
-- Chỉ mục cho bảng `cinemas`
--
ALTER TABLE `cinemas`
  ADD PRIMARY KEY (`cinema_id`),
  ADD KEY `fk_cinema_region` (`region_id`);

--
-- Chỉ mục cho bảng `genres`
--
ALTER TABLE `genres`
  ADD PRIMARY KEY (`genre_id`);

--
-- Chỉ mục cho bảng `movies`
--
ALTER TABLE `movies`
  ADD PRIMARY KEY (`movie_id`),
  ADD UNIQUE KEY `slug` (`slug`);

--
-- Chỉ mục cho bảng `movie_genres`
--
ALTER TABLE `movie_genres`
  ADD PRIMARY KEY (`movie_id`,`genre_id`),
  ADD KEY `fk_mg_genre` (`genre_id`);

--
-- Chỉ mục cho bảng `orders`
--
ALTER TABLE `orders`
  ADD PRIMARY KEY (`order_id`),
  ADD KEY `idx_order_user` (`user_id`),
  ADD KEY `idx_orders_user` (`user_id`),
  ADD KEY `idx_orders_created` (`created_at`);

--
-- Chỉ mục cho bảng `order_services`
--
ALTER TABLE `order_services`
  ADD PRIMARY KEY (`order_item_id`),
  ADD KEY `order_id` (`order_id`),
  ADD KEY `service_id` (`service_id`);

--
-- Chỉ mục cho bảng `order_tickets`
--
ALTER TABLE `order_tickets`
  ADD PRIMARY KEY (`order_id`,`ticket_id`),
  ADD UNIQUE KEY `unique_order_ticket` (`order_id`,`ticket_id`),
  ADD KEY `ticket_id` (`ticket_id`);

--
-- Chỉ mục cho bảng `otps`
--
ALTER TABLE `otps`
  ADD PRIMARY KEY (`id`);

--
-- Chỉ mục cho bảng `payments`
--
ALTER TABLE `payments`
  ADD PRIMARY KEY (`payment_id`),
  ADD UNIQUE KEY `transaction_code` (`transaction_code`),
  ADD UNIQUE KEY `unique_order_payment` (`order_id`),
  ADD KEY `idx_payment_order` (`order_id`),
  ADD KEY `idx_payments_order` (`order_id`);

--
-- Chỉ mục cho bảng `regions`
--
ALTER TABLE `regions`
  ADD PRIMARY KEY (`region_id`),
  ADD UNIQUE KEY `region_name` (`region_name`);

--
-- Chỉ mục cho bảng `rooms`
--
ALTER TABLE `rooms`
  ADD PRIMARY KEY (`room_id`),
  ADD KEY `cinema_id` (`cinema_id`);

--
-- Chỉ mục cho bảng `seats`
--
ALTER TABLE `seats`
  ADD PRIMARY KEY (`seat_id`),
  ADD KEY `fk_seat_room` (`room_id`);

--
-- Chỉ mục cho bảng `services`
--
ALTER TABLE `services`
  ADD PRIMARY KEY (`service_id`);

--
-- Chỉ mục cho bảng `showtimes`
--
ALTER TABLE `showtimes`
  ADD PRIMARY KEY (`showtime_id`),
  ADD UNIQUE KEY `unique_room_time` (`room_id`,`start_time`),
  ADD KEY `idx_movie` (`movie_id`),
  ADD KEY `idx_room` (`room_id`),
  ADD KEY `idx_start` (`start_time`),
  ADD KEY `idx_showtimes_movie` (`movie_id`);

--
-- Chỉ mục cho bảng `showtime_seats`
--
ALTER TABLE `showtime_seats`
  ADD PRIMARY KEY (`showtime_seat_id`),
  ADD UNIQUE KEY `showtime_id` (`showtime_id`,`seat_id`),
  ADD KEY `fk_ss_seat` (`seat_id`);

--
-- Chỉ mục cho bảng `tickets`
--
ALTER TABLE `tickets`
  ADD PRIMARY KEY (`ticket_id`),
  ADD KEY `fk_ticket_showtime_seat` (`showtime_seat_id`);

--
-- Chỉ mục cho bảng `users`
--
ALTER TABLE `users`
  ADD PRIMARY KEY (`user_id`);

--
-- AUTO_INCREMENT cho các bảng đã đổ
--

--
-- AUTO_INCREMENT cho bảng `cinemas`
--
ALTER TABLE `cinemas`
  MODIFY `cinema_id` int(11) NOT NULL AUTO_INCREMENT, AUTO_INCREMENT=9;

--
-- AUTO_INCREMENT cho bảng `genres`
--
ALTER TABLE `genres`
  MODIFY `genre_id` int(11) NOT NULL AUTO_INCREMENT, AUTO_INCREMENT=8;

--
-- AUTO_INCREMENT cho bảng `movies`
--
ALTER TABLE `movies`
  MODIFY `movie_id` int(11) NOT NULL AUTO_INCREMENT, AUTO_INCREMENT=4;

--
-- AUTO_INCREMENT cho bảng `orders`
--
ALTER TABLE `orders`
  MODIFY `order_id` int(11) NOT NULL AUTO_INCREMENT;

--
-- AUTO_INCREMENT cho bảng `order_services`
--
ALTER TABLE `order_services`
  MODIFY `order_item_id` int(11) NOT NULL AUTO_INCREMENT;

--
-- AUTO_INCREMENT cho bảng `otps`
--
ALTER TABLE `otps`
  MODIFY `id` int(11) NOT NULL AUTO_INCREMENT, AUTO_INCREMENT=8;

--
-- AUTO_INCREMENT cho bảng `payments`
--
ALTER TABLE `payments`
  MODIFY `payment_id` int(11) NOT NULL AUTO_INCREMENT;

--
-- AUTO_INCREMENT cho bảng `regions`
--
ALTER TABLE `regions`
  MODIFY `region_id` int(11) NOT NULL AUTO_INCREMENT, AUTO_INCREMENT=5;

--
-- AUTO_INCREMENT cho bảng `rooms`
--
ALTER TABLE `rooms`
  MODIFY `room_id` int(11) NOT NULL AUTO_INCREMENT, AUTO_INCREMENT=14;

--
-- AUTO_INCREMENT cho bảng `seats`
--
ALTER TABLE `seats`
  MODIFY `seat_id` int(11) NOT NULL AUTO_INCREMENT, AUTO_INCREMENT=1551;

--
-- AUTO_INCREMENT cho bảng `services`
--
ALTER TABLE `services`
  MODIFY `service_id` int(11) NOT NULL AUTO_INCREMENT, AUTO_INCREMENT=2;

--
-- AUTO_INCREMENT cho bảng `showtimes`
--
ALTER TABLE `showtimes`
  MODIFY `showtime_id` int(11) NOT NULL AUTO_INCREMENT, AUTO_INCREMENT=20;

--
-- AUTO_INCREMENT cho bảng `showtime_seats`
--
ALTER TABLE `showtime_seats`
  MODIFY `showtime_seat_id` int(11) NOT NULL AUTO_INCREMENT, AUTO_INCREMENT=1881;

--
-- AUTO_INCREMENT cho bảng `tickets`
--
ALTER TABLE `tickets`
  MODIFY `ticket_id` int(11) NOT NULL AUTO_INCREMENT;

--
-- AUTO_INCREMENT cho bảng `users`
--
ALTER TABLE `users`
  MODIFY `user_id` int(11) NOT NULL AUTO_INCREMENT, AUTO_INCREMENT=4;

--
-- Các ràng buộc cho các bảng đã đổ
--

--
-- Các ràng buộc cho bảng `cinemas`
--
ALTER TABLE `cinemas`
  ADD CONSTRAINT `fk_cinema_region` FOREIGN KEY (`region_id`) REFERENCES `regions` (`region_id`) ON DELETE CASCADE;

--
-- Các ràng buộc cho bảng `movie_genres`
--
ALTER TABLE `movie_genres`
  ADD CONSTRAINT `fk_mg_genre` FOREIGN KEY (`genre_id`) REFERENCES `genres` (`genre_id`) ON DELETE CASCADE,
  ADD CONSTRAINT `fk_mg_movie` FOREIGN KEY (`movie_id`) REFERENCES `movies` (`movie_id`) ON DELETE CASCADE;

--
-- Các ràng buộc cho bảng `orders`
--
ALTER TABLE `orders`
  ADD CONSTRAINT `orders_ibfk_1` FOREIGN KEY (`user_id`) REFERENCES `users` (`user_id`) ON DELETE CASCADE;

--
-- Các ràng buộc cho bảng `order_services`
--
ALTER TABLE `order_services`
  ADD CONSTRAINT `order_services_ibfk_1` FOREIGN KEY (`order_id`) REFERENCES `orders` (`order_id`) ON DELETE CASCADE,
  ADD CONSTRAINT `order_services_ibfk_2` FOREIGN KEY (`service_id`) REFERENCES `services` (`service_id`) ON DELETE CASCADE;

--
-- Các ràng buộc cho bảng `order_tickets`
--
ALTER TABLE `order_tickets`
  ADD CONSTRAINT `order_tickets_ibfk_1` FOREIGN KEY (`order_id`) REFERENCES `orders` (`order_id`) ON DELETE CASCADE,
  ADD CONSTRAINT `order_tickets_ibfk_2` FOREIGN KEY (`ticket_id`) REFERENCES `tickets` (`ticket_id`) ON DELETE CASCADE;

--
-- Các ràng buộc cho bảng `payments`
--
ALTER TABLE `payments`
  ADD CONSTRAINT `fk_payment_order` FOREIGN KEY (`order_id`) REFERENCES `orders` (`order_id`) ON DELETE CASCADE;

--
-- Các ràng buộc cho bảng `rooms`
--
ALTER TABLE `rooms`
  ADD CONSTRAINT `rooms_ibfk_1` FOREIGN KEY (`cinema_id`) REFERENCES `cinemas` (`cinema_id`) ON DELETE CASCADE;

--
-- Các ràng buộc cho bảng `seats`
--
ALTER TABLE `seats`
  ADD CONSTRAINT `fk_seat_room` FOREIGN KEY (`room_id`) REFERENCES `rooms` (`room_id`) ON DELETE CASCADE;

--
-- Các ràng buộc cho bảng `showtimes`
--
ALTER TABLE `showtimes`
  ADD CONSTRAINT `fk_showtime_movie` FOREIGN KEY (`movie_id`) REFERENCES `movies` (`movie_id`) ON DELETE CASCADE,
  ADD CONSTRAINT `fk_showtime_room` FOREIGN KEY (`room_id`) REFERENCES `rooms` (`room_id`) ON DELETE CASCADE;

--
-- Các ràng buộc cho bảng `showtime_seats`
--
ALTER TABLE `showtime_seats`
  ADD CONSTRAINT `fk_ss_seat` FOREIGN KEY (`seat_id`) REFERENCES `seats` (`seat_id`) ON DELETE CASCADE,
  ADD CONSTRAINT `fk_ss_showtime` FOREIGN KEY (`showtime_id`) REFERENCES `showtimes` (`showtime_id`) ON DELETE CASCADE;

--
-- Các ràng buộc cho bảng `tickets`
--
ALTER TABLE `tickets`
  ADD CONSTRAINT `fk_ticket_showtime_seat` FOREIGN KEY (`showtime_seat_id`) REFERENCES `showtime_seats` (`showtime_seat_id`);
COMMIT;

/*!40101 SET CHARACTER_SET_CLIENT=@OLD_CHARACTER_SET_CLIENT */;
/*!40101 SET CHARACTER_SET_RESULTS=@OLD_CHARACTER_SET_RESULTS */;
/*!40101 SET COLLATION_CONNECTION=@OLD_COLLATION_CONNECTION */;
